Workbook

Sheet AMAN
B4: MATIERES | C4: Annuel | D4: TRIM 1 | E4: TRIM 2 | F4: TRIM 3 | G4: Coef | H4: Moy × Coef | I4: Moy Gle Classe | K4: Rang | L4: Appréciations
B5: Allemand | C5: =F5 -> 10 | F5: 10 | G5: 2 | H5: =C5*G5 -> 20 | L5: =IF(C5<11,"NA",IF(C5<15,"ECA",IF(C5<18,"A",IF(C5<20,"A+")))) -> NA | O5: =D5*G5 -> 0 | P5: =E5*G5 -> 0 | Q5: =G5*F5 -> 20
B6: Anglais | C6: =(D6+F6+E6)/3 -> 6.6 | D6: 6.55 | E6: 7.5 | F6: 5.75 | G6: 3 | H6: =C6*G6 -> 19.8 | L6: =IF(C6<11,"NA",IF(C6<15,"ECA",IF(C6<18,"A",IF(C6<20,"A+")))) -> NA | O6: =D6*G6 -> 19.65 | P6: =E6*G6 -> 22.5 | Q6: =G6*F6 -> 17.25
B7: Cor Orthographique/ Dictée | C7: =(D7+F7+E7)/3 -> 6.0083333 | D7: 7.6 | E7: 5.8 | F7: 4.625 | G7: 1 | H7: =C7*G7 -> 6.0083333 | L7: =IF(C7<11,"NA",IF(C7<15,"ECA",IF(C7<18,"A",IF(C7<20,"A+")))) -> NA | O7: =D7*G7 -> 7.6 | P7: =E7*G7 -> 5.8 | Q7: =G7*F7 -> 4.625
B8: Espagnol | C8: =F8 -> 15 | F8: 15 | G8: 2 | H8: =C8*G8 -> 30 | L8: =IF(C8<11,"NA",IF(C8<15,"ECA",IF(C8<18,"A",IF(C8<20,"A+")))) -> A | O8: =D8*G8 -> 0 | P8: =E8*G8 -> 0 | Q8: =G8*F8 -> 30
B9: Etude de Texte | C9: =(D9+F9+E9)/3 -> 8.6883333 | D9: 9.6 | E9: 9.215 | F9: 7.25 | G9: 2 | H9: =C9*G9 -> 17.376667 | L9: =IF(C9<11,"NA",IF(C9<15,"ECA",IF(C9<18,"A",IF(C9<20,"A+")))) -> NA | O9: =D9*G9 -> 19.2 | P9: =E9*G9 -> 18.43 | Q9: =G9*F9 -> 14.5
B10: Expression Ecrite | C10: =(D10+F10+E10)/3 -> 9.3883333 | D10: 8 | E10: 10.665 | F10: 9.5 | G10: 1 | H10: =C10*G10 -> 9.3883333 | L10: =IF(C10<11,"NA",IF(C10<15,"ECA",IF(C10<18,"A",IF(C10<20,"A+")))) -> NA | O10: =D10*G10 -> 8 | P10: =E10*G10 -> 10.665 | Q10: =G10*F10 -> 9.5
B11: Total du GROUPE I :
B12: Moyenne du Groupe : | C12: =(SUM(H5:H10)/SUM(G5:G10)) -> 9.3248485 | G12: Rang de l’élève :
B14: ECM | C14: =(D14+F14+E14)/3 -> 11.166667 | D14: 11.1 | E14: 11.4 | F14: 11 | G14: 2 | H14: =C14*G14 -> 22.333333 | L14: =IF(C14<11,"NA",IF(C14<15,"ECA",IF(C14<18,"A",IF(C14<20,"A+")))) -> ECA | O14: =D14*G14 -> 22.2 | P14: =E14*G14 -> 22.8 | Q14: =G14*F14 -> 22
B15: Géographie | C15: =(D15+F15+E15)/3 -> 11.166667 | D15: 8.75 | E15: 13.5 | F15: 11.25 | G15: 1.5 | H15: =C15*G15 -> 16.75 | L15: =IF(C15<11,"NA",IF(C15<15,"ECA",IF(C15<18,"A",IF(C15<20,"A+")))) -> ECA | O15: =D15*G15 -> 13.125 | P15: =E15*G15 -> 20.25 | Q15: =G15*F15 -> 16.875
B16: Histoire | C16: =(D16+F16+E16)/3 -> 9.0916667 | D16: 8.275 | E16: 9.125 | F16: 9.875 | G16: 1.5 | H16: =C16*G16 -> 13.6375 | L16: =IF(C16<11,"NA",IF(C16<15,"ECA",IF(C16<18,"A",IF(C16<20,"A+")))) -> NA | O16: =D16*G16 -> 12.4125 | P16: =E16*G16 -> 13.6875 | Q16: =G16*F16 -> 14.8125
B17: LCN | C17: =(D17+F17+E17)/3 -> 7.3166667 | D17: 7.45 | E17: 7.5 | F17: 7 | G17: 1 | H17: =C17*G17 -> 7.3166667 | L17: =IF(C17<11,"NA",IF(C17<15,"ECA",IF(C17<18,"A",IF(C17<20,"A+")))) -> NA | O17: =D17*G17 -> 7.45 | P17: =E17*G17 -> 7.5 | Q17: =G17*F17 -> 7
B18: Total du GROUPE II :
B19: Moyenne du Groupe : | C19: =(SUM(H14:H17)/SUM(G14:G17)) -> 10.00625 | G19: Rang de l’élève :
B21: Informatique | C21: =(D21+F21+E21)/3 -> 5.5833333 | D21: 8.625 | E21: =(F21+G21)/2 -> 3.375 | F21: 4.75 | G21: 2 | H21: =C21*G21 -> 11.166667 | L21: =IF(C21<11,"NA",IF(C21<15,"ECA",IF(C21<18,"A",IF(C21<20,"A+")))) -> NA | O21: =D21*G21 -> 17.25 | P21: =E21*G21 -> 6.75 | Q21: =G21*F21 -> 9.5
B22: Mathématiques | C22: =(D22+F22+E22)/3 -> 8.3833333 | D22: 7.7 | E22: =(F22+G22)/2 -> 7.15 | F22: 10.3 | G22: 4 | H22: =C22*G22 -> 33.533333 | L22: =IF(C22<11,"NA",IF(C22<15,"ECA",IF(C22<18,"A",IF(C22<20,"A+")))) -> NA | O22: =D22*G22 -> 30.8 | P22: =E22*G22 -> 28.6 | Q22: =G22*F22 -> 41.2
B23: PCT | C23: =F23 -> 12 | F23: 12 | G23: 2 | H23: =C23*G23 -> 24 | L23: =IF(C23<11,"NA",IF(C23<15,"ECA",IF(C23<18,"A",IF(C23<20,"A+")))) -> ECA | O23: =D23*G23 -> 0 | P23: =E23*G23 -> 0 | Q23: =G23*F23 -> 24
B24: SVTEEHB | C24: =(D24+F24+E24)/3 -> 10.366667 | D24: 9.1 | E24: 8.75 | F24: 13.25 | G24: 2 | H24: =C24*G24 -> 20.733333 | L24: =IF(C24<11,"NA",IF(C24<15,"ECA",IF(C24<18,"A",IF(C24<20,"A+")))) -> NA | O24: =D24*G24 -> 18.2 | P24: =E24*G24 -> 17.5 | Q24: =G24*F24 -> 26.5
B25: Total du GROUPE III :
B26: Moyenne du Groupe : | C26: =(SUM(H21:H24)/SUM(G21:G24)) -> 8.9433333 | G26: Rang de l’élève :
B28: EAC | C28: =(D28+F28+E28)/3 -> 14.166667 | D28: 15.5 | E28: 14 | F28: 13 | G28: 1 | H28: =C28*G28 -> 14.166667 | L28: =IF(C28<11,"NA",IF(C28<15,"ECA",IF(C28<18,"A",IF(C28<20,"A+")))) -> ECA | O28: =D28*G28 -> 15.5 | P28: =E28*G28 -> 14 | Q28: =G28*F28 -> 13
B29: EPS | C29: =(D29+F29+E29)/3 -> 14.2 | D29: 13.3 | E29: 14.5 | F29: 14.8 | G29: 2 | H29: =C29*G29 -> 28.4 | L29: =IF(C29<11,"NA",IF(C29<15,"ECA",IF(C29<18,"A",IF(C29<20,"A+")))) -> ECA | O29: =D29*G29 -> 26.6 | P29: =E29*G29 -> 29 | Q29: =G29*F29 -> 29.6
B30: ESF | C30: =(D30+F30+E30)/3 -> 12.9 | D30: 13 | E30: 11.7 | F30: 14 | G30: 1 | H30: =C30*G30 -> 12.9 | L30: =IF(C30<11,"NA",IF(C30<15,"ECA",IF(C30<18,"A",IF(C30<20,"A+")))) -> ECA | O30: =D30*G30 -> 13 | P30: =E30*G30 -> 11.7 | Q30: =G30*F30 -> 14
B31: Travail Manuel | C31: =(D31+F31+E31)/3 -> 15.833333 | D31: 16.5 | E31: 16 | F31: 15 | G31: 1 | H31: =C31*G31 -> 15.833333 | L31: =IF(C31<11,"NA",IF(C31<15,"ECA",IF(C31<18,"A",IF(C31<20,"A+")))) -> A | O31: =D31*G31 -> 16.5 | P31: =E31*G31 -> 16 | Q31: =G31*F31 -> 15
B32: Total du GROUPE IV : | O32: =SUM(O6:O31) -> 247.4875 | P32: =SUM(P6:P31) -> 245.1825 | Q32: =SUM(Q5:Q31) -> 329.3625
B33: Moyenne du Groupe : | C33: =(SUM(H28:H31)/SUM(G28:G31)) -> 14.26 | G33: Rang de l’élève : | O33: 26 | P33: 26 | Q33: 32
O34: =O32/O33 -> 9.51875 | P34: =P32/P33 -> 9.4300962 | Q34: =Q32/Q33 -> 10.292578
B35: Total Général (GI + GII + GIII+GIV) = | C35: Moy Gle de la Classe : | F35: Moy du 1er : | I35: Moy du Dernier :
C36: TRIM 1 | D36: TRIM 2 | E36: TRIM3
B37: Moyennes de l’Elève : | C37: =O34 -> 9.51875 | D37: =P34 -> 9.4300962 | E37: =Q34 -> 10.292578 | F37: Annuel : | G37: =(H5+H6+H7+H8+H9+H10+H14+H15+H16+H17+H21+H22+H23+H24+H28+H29+H30+H31)/32 -> 10.104505 | H37: /20 | I37: Rang de l’élève : | L37: /20
B39: v La moyenne Annuelle n’est pas égale à la moyenne arithmétique des trimestres
B40: DECISIONS ET OBSERVATIONS / Décisions And Observations
B41: DISCIPLINE / Disciplin | C41: Appréciation du travail de l’élève | G41: TRAVAIL / Academic Work
B42: Nb d’Heures : | C42: =IF(G37<11,"NA",IF(G37<15,"ECA",IF(G37<18,"A",IF(G37<20,"A+")))) -> NA | D42: =IF(#REF!<11,"NA",IF(#REF!<15,"ECA",IF(#REF!<18,"A",IF(#REF!<20,"A+")))) -> #REF! | F42: =IF(#REF!<11,"NA",IF(#REF!<15,"ECA",IF(#REF!<18,"A",IF(#REF!<20,"A+")))) -> #REF!
B43: Nb de jrnées : | C43: =IF(#REF!<11,"NA",IF(#REF!<15,"ECA",IF(#REF!<18,"A",IF(#REF!<20,"A+")))) -> #REF! | D43: =IF(#REF!<11,"NA",IF(#REF!<15,"ECA",IF(#REF!<18,"A",IF(#REF!<20,"A+")))) -> #REF! | F43: =IF(#REF!<11,"NA",IF(#REF!<15,"ECA",IF(#REF!<18,"A",IF(#REF!<20,"A+")))) -> #REF! | G43: Tableau d’honneur / Honour roll | K43: Observations et Visa du Principal
B44: Exclusions / Suspensions | C44: =IF(#REF!<11,"NA",IF(#REF!<15,"ECA",IF(#REF!<18,"A",IF(#REF!<20,"A+")))) -> #REF! | D44: =IF(#REF!<11,"NA",IF(#REF!<15,"ECA",IF(#REF!<18,"A",IF(#REF!<20,"A+")))) -> #REF! | F44: =IF(#REF!<11,"NA",IF(#REF!<15,"ECA",IF(#REF!<18,"A",IF(#REF!<20,"A+")))) -> #REF! | G44: Encouragements / Encouragements | K44: Observations and Signature of Principal
B45: Blâme / Blame | C45: Observations et Remarques du Professeur Principal | G45: Félicitations / Congratulations
B46: Avertissements / Warnings | G46: Décisions du Conseil de Classe | K46: Yaoundé le
B47: Observations et Remarques du parent de l’élève | K47: Le Principal

Sheet DJIKIA
B4: MATIERES | C4: Annuel | D4: TRIM 1 | E4: TRIM 2 | F4: TRIM 3 | G4: Coef | H4: Moy × Coef | I4: Moy Gle Classe | K4: Rang | L4: Appréciations
B5: Allemand | C5: =F5 -> 6.5 | F5: 6.5 | G5: 2 | H5: =C5*G5 -> 13 | L5: =IF(C5<11,"NA",IF(C5<15,"ECA",IF(C5<18,"A",IF(C5<20,"A+")))) -> NA | O5: =D5*G5 -> 0 | P5: =E5*G5 -> 0 | Q5: =G5*F5 -> 13
B6: Anglais | C6: =(D6+F6+E6)/3 -> 5.1166667 | D6: 3.9 | E6: 5.45 | F6: 6 | G6: 3 | H6: =C6*G6 -> 15.35 | L6: =IF(C6<11,"NA",IF(C6<15,"ECA",IF(C6<18,"A",IF(C6<20,"A+")))) -> NA | O6: =D6*G6 -> 11.7 | P6: =E6*G6 -> 16.35 | Q6: =G6*F6 -> 18
B7: Cor Orthographique/ Dictée | C7: =(D7+F7+E7)/3 -> 3.4833333 | D7: 5.7 | E7: 2.75 | F7: 2 | G7: 1 | H7: =C7*G7 -> 3.4833333 | L7: =IF(C7<11,"NA",IF(C7<15,"ECA",IF(C7<18,"A",IF(C7<20,"A+")))) -> NA | O7: =D7*G7 -> 5.7 | P7: =E7*G7 -> 2.75 | Q7: =G7*F7 -> 2
B8: Espagnol | C8: =F8 -> 13.25 | F8: 13.25 | G8: 2 | H8: =C8*G8 -> 26.5 | L8: =IF(C8<11,"NA",IF(C8<15,"ECA",IF(C8<18,"A",IF(C8<20,"A+")))) -> ECA | O8: =D8*G8 -> 0 | P8: =E8*G8 -> 0 | Q8: =G8*F8 -> 26.5
B9: Etude de Texte | C9: =(D9+F9+E9)/3 -> 5.1716667 | D9: 2.75 | E9: 8.765 | F9: 4 | G9: 2 | H9: =C9*G9 -> 10.343333 | L9: =IF(C9<11,"NA",IF(C9<15,"ECA",IF(C9<18,"A",IF(C9<20,"A+")))) -> NA | O9: =D9*G9 -> 5.5 | P9: =E9*G9 -> 17.53 | Q9: =G9*F9 -> 8
B10: Expression Ecrite | C10: =(D10+F10+E10)/3 -> 7.7883333 | D10: 4 | E10: 13.365 | F10: 6 | G10: 1 | H10: =C10*G10 -> 7.7883333 | L10: =IF(C10<11,"NA",IF(C10<15,"ECA",IF(C10<18,"A",IF(C10<20,"A+")))) -> NA | O10: =D10*G10 -> 4 | P10: =E10*G10 -> 13.365 | Q10: =G10*F10 -> 6
B11: Total du GROUPE I :
B12: Moyenne du Groupe : | C12: =(SUM(H5:H10)/SUM(G5:G10)) -> 6.9513636 | G12: Rang de l’élève :
B14: ECM | C14: =(D14+F14+E14)/3 -> 7.25 | D14: 6.4 | E14: 6.35 | F14: 9 | G14: 2 | H14: =C14*G14 -> 14.5 | L14: =IF(C14<11,"NA",IF(C14<15,"ECA",IF(C14<18,"A",IF(C14<20,"A+")))) -> NA | O14: =D14*G14 -> 12.8 | P14: =E14*G14 -> 12.7 | Q14: =G14*F14 -> 18
B15: Géographie | C15: =(D15+F15+E15)/3 -> 7.4416667 | D15: 4 | E15: 10.075 | F15: 8.25 | G15: 1.5 | H15: =C15*G15 -> 11.1625 | L15: =IF(C15<11,"NA",IF(C15<15,"ECA",IF(C15<18,"A",IF(C15<20,"A+")))) -> NA | O15: =D15*G15 -> 6 | P15: =E15*G15 -> 15.1125 | Q15: =G15*F15 -> 12.375
B16: Histoire | C16: =(D16+F16+E16)/3 -> 7.125 | D16: 6.275 | E16: 7.35 | F16: 7.75 | G16: 1.5 | H16: =C16*G16 -> 10.6875 | L16: =IF(C16<11,"NA",IF(C16<15,"ECA",IF(C16<18,"A",IF(C16<20,"A+")))) -> NA | O16: =D16*G16 -> 9.4125 | P16: =E16*G16 -> 11.025 | Q16: =G16*F16 -> 11.625
B17: LCN | C17: =(D17+F17+E17)/3 -> 10.4 | D17: 6.7 | E17: 10.5 | F17: 14 | G17: 1 | H17: =C17*G17 -> 10.4 | L17: =IF(C17<11,"NA",IF(C17<15,"ECA",IF(C17<18,"A",IF(C17<20,"A+")))) -> NA | O17: =D17*G17 -> 6.7 | P17: =E17*G17 -> 10.5 | Q17: =G17*F17 -> 14
B18: Total du GROUPE II :
B19: Moyenne du Groupe : | C19: =(SUM(H14:H17)/SUM(G14:G17)) -> 7.7916667 | G19: Rang de l’élève :
B21: Informatique | C21: =(D21+F21+E21)/3 -> 3.3583333 | D21: 3.125 | E21: 2.95 | F21: 4 | G21: 2 | H21: =C21*G21 -> 6.7166667 | L21: =IF(C21<11,"NA",IF(C21<15,"ECA",IF(C21<18,"A",IF(C21<20,"A+")))) -> NA | O21: =D21*G21 -> 6.25 | P21: =E21*G21 -> 5.9 | Q21: =G21*F21 -> 8
B22: Mathématiques | C22: =(D22+F22+E22)/3 -> 8.0783333 | D22: 6.35 | E22: 6.385 | F22: 11.5 | G22: 4 | H22: =C22*G22 -> 32.313333 | L22: =IF(C22<11,"NA",IF(C22<15,"ECA",IF(C22<18,"A",IF(C22<20,"A+")))) -> NA | O22: =D22*G22 -> 25.4 | P22: =E22*G22 -> 25.54 | Q22: =G22*F22 -> 46
B23: PCT | C23: =F23 -> 9 | F23: 9 | G23: 2 | H23: =C23*G23 -> 18 | L23: =IF(C23<11,"NA",IF(C23<15,"ECA",IF(C23<18,"A",IF(C23<20,"A+")))) -> NA | O23: =D23*G23 -> 0 | P23: =E23*G23 -> 0 | Q23: =G23*F23 -> 18
B24: SVTEEHB | C24: =(D24+F24+E24)/3 -> 6.56 | D24: 5.45 | E24: 3.73 | F24: 10.5 | G24: 2 | H24: =C24*G24 -> 13.12 | L24: =IF(C24<11,"NA",IF(C24<15,"ECA",IF(C24<18,"A",IF(C24<20,"A+")))) -> NA | O24: =D24*G24 -> 10.9 | P24: =E24*G24 -> 7.46 | Q24: =G24*F24 -> 21
B25: Total du GROUPE III :
B26: Moyenne du Groupe : | C26: =(SUM(H21:H24)/SUM(G21:G24)) -> 7.015 | G26: Rang de l’élève :
B28: EAC | C28: =(D28+F28+E28)/2 -> 14.5 | D28: 15.5 | E28: 13.5 | F28: 0 | G28: 1 | H28: =C28*G28 -> 14.5 | L28: =IF(C28<11,"NA",IF(C28<15,"ECA",IF(C28<18,"A",IF(C28<20,"A+")))) -> ECA | O28: =D28*G28 -> 15.5 | P28: =E28*G28 -> 13.5 | Q28: =G28*F28 -> 0
B29: EPS | C29: =(D29+F29+E29)/3 -> 12.75 | D29: 13.45 | E29: 14.8 | F29: 10 | G29: 2 | H29: =C29*G29 -> 25.5 | L29: =IF(C29<11,"NA",IF(C29<15,"ECA",IF(C29<18,"A",IF(C29<20,"A+")))) -> ECA | O29: =D29*G29 -> 26.9 | P29: =E29*G29 -> 29.6 | Q29: =G29*F29 -> 20
B30: ESF | C30: =(D30+F30+E30)/2 -> 10.25 | D30: 12.5 | E30: 8 | F30: 0 | G30: 1 | H30: =C30*G30 -> 10.25 | L30: =IF(C30<11,"NA",IF(C30<15,"ECA",IF(C30<18,"A",IF(C30<20,"A+")))) -> NA | O30: =D30*G30 -> 12.5 | P30: =E30*G30 -> 8 | Q30: =G30*F30 -> 0
B31: Travail Manuel | C31: =(D31+F31+E31)/3 -> 16.166667 | D31: 16.5 | E31: 16 | F31: 16 | G31: 1 | H31: =C31*G31 -> 16.166667 | L31: =IF(C31<11,"NA",IF(C31<15,"ECA",IF(C31<18,"A",IF(C31<20,"A+")))) -> A | O31: =D31*G31 -> 16.5 | P31: =E31*G31 -> 16 | Q31: =G31*F31 -> 16
B32: Total du GROUPE IV : | O32: =SUM(O6:O31) -> 175.7625 | P32: =SUM(P6:P31) -> 205.3325 | Q32: =SUM(Q5:Q31) -> 258.5
B33: Moyenne du Groupe : | C33: =(SUM(H28:H31)/SUM(G28:G31)) -> 13.283333 | G33: Rang de l’élève : | O33: 26 | P33: 26 | Q33: 30
O34: =O32/O33 -> 6.7600962 | P34: =P32/P33 -> 7.8974038 | Q34: =Q32/Q33 -> 8.6166667
B35: Total Général (GI + GII + GIII+GIV) = | C35: Moy Gle de la Classe : | F35: Moy du 1er : | I35: Moy du Dernier :
C36: TRIM 1 | D36: TRIM 2 | E36: TRIM3
B37: Moyennes de l’Elève : | C37: =O34 -> 6.7600962 | D37: =P34 -> 7.8974038 | E37: =Q34 -> 8.6166667 | F37: Annuel : | G37: =(H5+H6+H7+H8+H9+H10+H14+H15+H16+H17+H21+H22+H23+H24+H28+H29+H30+H31)/32 -> 8.1181771 | H37: /20 | I37: Rang de l’élève : | L37: /20
B39: v La moyenne Annuelle n’est pas égale à la moyenne arithmétique des trimestres
B40: DECISIONS ET OBSERVATIONS / Décisions And Observations
B41: DISCIPLINE / Disciplin | C41: Appréciation du travail de l’élève | G41: TRAVAIL / Academic Work
B42: Nb d’Heures : | C42: =IF(G37<11,"NA",IF(G37<15,"ECA",IF(G37<18,"A",IF(G37<20,"A+")))) -> NA | D42: =IF(#REF!<11,"NA",IF(#REF!<15,"ECA",IF(#REF!<18,"A",IF(#REF!<20,"A+")))) -> #REF! | F42: =IF(#REF!<11,"NA",IF(#REF!<15,"ECA",IF(#REF!<18,"A",IF(#REF!<20,"A+")))) -> #REF!
B43: Nb de jrnées : | C43: =IF(#REF!<11,"NA",IF(#REF!<15,"ECA",IF(#REF!<18,"A",IF(#REF!<20,"A+")))) -> #REF! | D43: =IF(#REF!<11,"NA",IF(#REF!<15,"ECA",IF(#REF!<18,"A",IF(#REF!<20,"A+")))) -> #REF! | F43: =IF(#REF!<11,"NA",IF(#REF!<15,"ECA",IF(#REF!<18,"A",IF(#REF!<20,"A+")))) -> #REF! | G43: Tableau d’honneur / Honour roll | K43: Observations et Visa du Principal
B44: Exclusions / Suspensions | C44: =IF(#REF!<11,"NA",IF(#REF!<15,"ECA",IF(#REF!<18,"A",IF(#REF!<20,"A+")))) -> #REF! | D44: =IF(#REF!<11,"NA",IF(#REF!<15,"ECA",IF(#REF!<18,"A",IF(#REF!<20,"A+")))) -> #REF! | F44: =IF(#REF!<11,"NA",IF(#REF!<15,"ECA",IF(#REF!<18,"A",IF(#REF!<20,"A+")))) -> #REF! | G44: Encouragements / Encouragements | K44: Observations and Signature of Principal
B45: Blâme / Blame | C45: Observations et Remarques du Professeur Principal | G45: Félicitations / Congratulations
B46: Avertissements / Warnings | G46: Décisions du Conseil de Classe | K46: Yaoundé le
B47: Observations et Remarques du parent de l’élève | K47: Le Principal

Sheet ELOGO
B4: MATIERES | C4: Annuel | D4: TRIM 1 | E4: TRIM 2 | F4: TRIM 3 | G4: Coef | H4: Moy × Coef | I4: Moy Gle Classe | K4: Rang | L4: Appréciations
B5: Allemand | C5: =F5 -> 13 | F5: 13 | G5: 2 | H5: =C5*G5 -> 26 | L5: =IF(C5<11,"NA",IF(C5<15,"ECA",IF(C5<18,"A",IF(C5<20,"A+")))) -> ECA | O5: =D5*G5 -> 0 | P5: =E5*G5 -> 0 | Q5: =G5*F5 -> 26
B6: Anglais | C6: =(D6+F6+E6)/3 -> 13.266667 | D6: 12.8 | E6: 11.55 | F6: 15.45 | G6: 3 | H6: =C6*G6 -> 39.8 | L6: =IF(C6<11,"NA",IF(C6<15,"ECA",IF(C6<18,"A",IF(C6<20,"A+")))) -> ECA | O6: =D6*G6 -> 38.4 | P6: =E6*G6 -> 34.65 | Q6: =G6*F6 -> 46.35
B7: Cor Orthographique/ Dictée | C7: =(D7+F7+E7)/3 -> 7.525 | D7: 8.85 | E7: 5.85 | F7: 7.875 | G7: 1 | H7: =C7*G7 -> 7.525 | L7: =IF(C7<11,"NA",IF(C7<15,"ECA",IF(C7<18,"A",IF(C7<20,"A+")))) -> NA | O7: =D7*G7 -> 8.85 | P7: =E7*G7 -> 5.85 | Q7: =G7*F7 -> 7.875
B8: Espagnol | C8: =F8 -> 17 | F8: 17 | G8: 2 | H8: =C8*G8 -> 34 | L8: =IF(C8<11,"NA",IF(C8<15,"ECA",IF(C8<18,"A",IF(C8<20,"A+")))) -> A | O8: =D8*G8 -> 0 | P8: =E8*G8 -> 0 | Q8: =G8*F8 -> 34
B9: Etude de Texte | C9: =(D9+F9+E9)/3 -> 9.9216667 | D9: 10.5 | E9: 10.415 | F9: 8.85 | G9: 2 | H9: =C9*G9 -> 19.843333 | L9: =IF(C9<11,"NA",IF(C9<15,"ECA",IF(C9<18,"A",IF(C9<20,"A+")))) -> NA | O9: =D9*G9 -> 21 | P9: =E9*G9 -> 20.83 | Q9: =G9*F9 -> 17.7
B10: Expression Ecrite | C10: =(D10+F10+E10)/3 -> 11.183333 | D10: 12.05 | E10: 10.9 | F10: 10.6 | G10: 1 | H10: =C10*G10 -> 11.183333 | L10: =IF(C10<11,"NA",IF(C10<15,"ECA",IF(C10<18,"A",IF(C10<20,"A+")))) -> ECA | O10: =D10*G10 -> 12.05 | P10: =E10*G10 -> 10.9 | Q10: =G10*F10 -> 10.6
B11: Total du GROUPE I :
B12: Moyenne du Groupe : | C12: =(SUM(H5:H10)/SUM(G5:G10)) -> 12.577424 | G12: Rang de l’élève :
B14: ECM | C14: =(D14+F14+E14)/3 -> 15.783333 | D14: 16.15 | E14: 16.7 | F14: 14.5 | G14: 2 | H14: =C14*G14 -> 31.566667 | L14: =IF(C14<11,"NA",IF(C14<15,"ECA",IF(C14<18,"A",IF(C14<20,"A+")))) -> A | O14: =D14*G14 -> 32.3 | P14: =E14*G14 -> 33.4 | Q14: =G14*F14 -> 29
B15: Géographie | C15: =(D15+F15+E15)/3 -> 13.475 | D15: 12.125 | E15: 14.725 | F15: 13.575 | G15: 1.5 | H15: =C15*G15 -> 20.2125 | L15: =IF(C15<11,"NA",IF(C15<15,"ECA",IF(C15<18,"A",IF(C15<20,"A+")))) -> ECA | O15: =D15*G15 -> 18.1875 | P15: =E15*G15 -> 22.0875 | Q15: =G15*F15 -> 20.3625
B16: Histoire | C16: =(D16+F16+E16)/3 -> 13.341667 | D16: 12.675 | E16: 14.475 | F16: 12.875 | G16: 1.5 | H16: =C16*G16 -> 20.0125 | L16: =IF(C16<11,"NA",IF(C16<15,"ECA",IF(C16<18,"A",IF(C16<20,"A+")))) -> ECA | O16: =D16*G16 -> 19.0125 | P16: =E16*G16 -> 21.7125 | Q16: =G16*F16 -> 19.3125
B17: LCN | C17: =(D17+F17+E17)/3 -> 13.458333 | D17: 11.75 | E17: 14.25 | F17: 14.375 | G17: 1 | H17: =C17*G17 -> 13.458333 | L17: =IF(C17<11,"NA",IF(C17<15,"ECA",IF(C17<18,"A",IF(C17<20,"A+")))) -> ECA | O17: =D17*G17 -> 11.75 | P17: =E17*G17 -> 14.25 | Q17: =G17*F17 -> 14.375
B18: Total du GROUPE II :
B19: Moyenne du Groupe : | C19: =(SUM(H14:H17)/SUM(G14:G17)) -> 14.208333 | G19: Rang de l’élève :
B21: Informatique | C21: =(D21+F21+E21)/3 -> 13.675 | D21: 15.025 | E21: 12.4 | F21: 13.6 | G21: 2 | H21: =C21*G21 -> 27.35 | L21: =IF(C21<11,"NA",IF(C21<15,"ECA",IF(C21<18,"A",IF(C21<20,"A+")))) -> ECA | O21: =D21*G21 -> 30.05 | P21: =E21*G21 -> 24.8 | Q21: =G21*F21 -> 27.2
B22: Mathématiques | C22: =(D22+F22+E22)/3 -> 11.943333 | D22: 9.85 | E22: 12.38 | F22: 13.6 | G22: 4 | H22: =C22*G22 -> 47.773333 | L22: =IF(C22<11,"NA",IF(C22<15,"ECA",IF(C22<18,"A",IF(C22<20,"A+")))) -> ECA | O22: =D22*G22 -> 39.4 | P22: =E22*G22 -> 49.52 | Q22: =G22*F22 -> 54.4
B23: PCT | C23: =F23 -> 18 | F23: 18 | G23: 2 | H23: =C23*G23 -> 36 | L23: =IF(C23<11,"NA",IF(C23<15,"ECA",IF(C23<18,"A",IF(C23<20,"A+")))) -> A+ | O23: =D23*G23 -> 0 | P23: =E23*G23 -> 0 | Q23: =G23*F23 -> 36
B24: SVTEEHB | C24: =(D24+F24+E24)/3 -> 12.85 | D24: 12.35 | E24: 11.2 | F24: 15 | G24: 2 | H24: =C24*G24 -> 25.7 | L24: =IF(C24<11,"NA",IF(C24<15,"ECA",IF(C24<18,"A",IF(C24<20,"A+")))) -> ECA | O24: =D24*G24 -> 24.7 | P24: =E24*G24 -> 22.4 | Q24: =G24*F24 -> 30
B25: Total du GROUPE III :
B26: Moyenne du Groupe : | C26: =(SUM(H21:H24)/SUM(G21:G24)) -> 13.682333 | G26: Rang de l’élève :
B28: EAC | C28: =(D28+F28+E28)/3 -> 17.5 | D28: 18.5 | E28: 17 | F28: 17 | G28: 1 | H28: =C28*G28 -> 17.5 | L28: =IF(C28<11,"NA",IF(C28<15,"ECA",IF(C28<18,"A",IF(C28<20,"A+")))) -> A | O28: =D28*G28 -> 18.5 | P28: =E28*G28 -> 17 | Q28: =G28*F28 -> 17
B29: EPS | C29: =(D29+F29+E29)/3 -> 14.7 | D29: 13.9 | E29: 15.4 | F29: 14.8 | G29: 2 | H29: =C29*G29 -> 29.4 | L29: =IF(C29<11,"NA",IF(C29<15,"ECA",IF(C29<18,"A",IF(C29<20,"A+")))) -> ECA | O29: =D29*G29 -> 27.8 | P29: =E29*G29 -> 30.8 | Q29: =G29*F29 -> 29.6
B30: ESF | C30: =(D30+F30+E30)/3 -> 13.533333 | D30: 13 | E30: 13.6 | F30: 14 | G30: 1 | H30: =C30*G30 -> 13.533333 | L30: =IF(C30<11,"NA",IF(C30<15,"ECA",IF(C30<18,"A",IF(C30<20,"A+")))) -> ECA | O30: =D30*G30 -> 13 | P30: =E30*G30 -> 13.6 | Q30: =G30*F30 -> 14
B31: Travail Manuel | C31: =(D31+F31+E31)/3 -> 15.166667 | D31: 13 | E31: 16 | F31: 16.5 | G31: 1 | H31: =C31*G31 -> 15.166667 | L31: =IF(C31<11,"NA",IF(C31<15,"ECA",IF(C31<18,"A",IF(C31<20,"A+")))) -> A | O31: =D31*G31 -> 13 | P31: =E31*G31 -> 16 | Q31: =G31*F31 -> 16.5
B32: Total du GROUPE IV : | O32: =SUM(O6:O31) -> 328 | P32: =SUM(P6:P31) -> 337.8 | Q32: =SUM(Q5:Q31) -> 450.275
B33: Moyenne du Groupe : | C33: =(SUM(H28:H31)/SUM(G28:G31)) -> 15.12 | G33: Rang de l’élève : | O33: 26 | P33: 26 | Q33: 32
O34: =O32/O33 -> 12.615385 | P34: =P32/P33 -> 12.992308 | Q34: =Q32/Q33 -> 14.071094
B35: Total Général (GI + GII + GIII+GIV) = | C35: Moy Gle de la Classe : | F35: Moy du 1er : | I35: Moy du Dernier :
C36: TRIM 1 | D36: TRIM 2 | E36: TRIM3
B37: Moyennes de l’Elève : | C37: =O34 -> 12.615385 | D37: =P34 -> 12.992308 | E37: =Q34 -> 14.071094 | F37: Annuel : | G37: =(H5+H6+H7+H8+H9+H10+H14+H15+H16+H17+H21+H22+H23+H24+H28+H29+H30+H31)/32 -> 13.625781 | H37: /20 | I37: Rang de l’élève : | L37: /20
B39: v La moyenne Annuelle n’est pas égale à la moyenne arithmétique des trimestres
B40: DECISIONS ET OBSERVATIONS / Décisions And Observations
B41: DISCIPLINE / Disciplin | C41: Appréciation du travail de l’élève | G41: TRAVAIL / Academic Work
B42: Nb d’Heures : | C42: =IF(G37<11,"NA",IF(G37<15,"ECA",IF(G37<18,"A",IF(G37<20,"A+")))) -> ECA | D42: =IF(#REF!<11,"NA",IF(#REF!<15,"ECA",IF(#REF!<18,"A",IF(#REF!<20,"A+")))) -> #REF! | F42: =IF(#REF!<11,"NA",IF(#REF!<15,"ECA",IF(#REF!<18,"A",IF(#REF!<20,"A+")))) -> #REF!
B43: Nb de jrnées : | C43: =IF(#REF!<11,"NA",IF(#REF!<15,"ECA",IF(#REF!<18,"A",IF(#REF!<20,"A+")))) -> #REF! | D43: =IF(#REF!<11,"NA",IF(#REF!<15,"ECA",IF(#REF!<18,"A",IF(#REF!<20,"A+")))) -> #REF! | F43: =IF(#REF!<11,"NA",IF(#REF!<15,"ECA",IF(#REF!<18,"A",IF(#REF!<20,"A+")))) -> #REF! | G43: Tableau d’honneur / Honour roll | K43: Observations et Visa du Principal
B44: Exclusions / Suspensions | C44: =IF(#REF!<11,"NA",IF(#REF!<15,"ECA",IF(#REF!<18,"A",IF(#REF!<20,"A+")))) -> #REF! | D44: =IF(#REF!<11,"NA",IF(#REF!<15,"ECA",IF(#REF!<18,"A",IF(#REF!<20,"A+")))) -> #REF! | F44: =IF(#REF!<11,"NA",IF(#REF!<15,"ECA",IF(#REF!<18,"A",IF(#REF!<20,"A+")))) -> #REF! | G44: Encouragements / Encouragements | K44: Observations and Signature of Principal
B45: Blâme / Blame | C45: Observations et Remarques du Professeur Principal | G45: Félicitations / Congratulations
B46: Avertissements / Warnings | G46: Décisions du Conseil de Classe | K46: Yaoundé le
B47: Observations et Remarques du parent de l’élève | K47: Le Principal

Sheet KINGUE
B4: MATIERES | C4: Annuel | D4: TRIM 1 | E4: TRIM 2 | F4: TRIM 3 | G4: Coef | H4: Moy × Coef | I4: Moy Gle Classe | K4: Rang | L4: Appréciations
B5: Allemand | C5: =F5 -> 12.5 | F5: 12.5 | G5: 2 | H5: =C5*G5 -> 25 | L5: =IF(C5<11,"NA",IF(C5<15,"ECA",IF(C5<18,"A",IF(C5<20,"A+")))) -> ECA | O5: =D5*G5 -> 0 | P5: =E5*G5 -> 0 | Q5: =G5*F5 -> 25
B6: Anglais | C6: =(D6+F6+E6)/3 -> 12.008333 | D6: 10.75 | E6: 11.5 | F6: 13.775 | G6: 3 | H6: =C6*G6 -> 36.025 | L6: =IF(C6<11,"NA",IF(C6<15,"ECA",IF(C6<18,"A",IF(C6<20,"A+")))) -> ECA | O6: =D6*G6 -> 32.25 | P6: =E6*G6 -> 34.5 | Q6: =G6*F6 -> 41.325
B7: Cor Orthographique/ Dictée | C7: =(D7+F7+E7)/3 -> 13.908333 | D7: 14.5 | E7: 12.6 | F7: 14.625 | G7: 1 | H7: =C7*G7 -> 13.908333 | L7: =IF(C7<11,"NA",IF(C7<15,"ECA",IF(C7<18,"A",IF(C7<20,"A+")))) -> ECA | O7: =D7*G7 -> 14.5 | P7: =E7*G7 -> 12.6 | Q7: =G7*F7 -> 14.625
B8: Espagnol | C8: =F8 -> 19.25 | F8: 19.25 | G8: 2 | H8: =C8*G8 -> 38.5 | L8: =IF(C8<11,"NA",IF(C8<15,"ECA",IF(C8<18,"A",IF(C8<20,"A+")))) -> A+ | O8: =D8*G8 -> 0 | P8: =E8*G8 -> 0 | Q8: =G8*F8 -> 38.5
B9: Etude de Texte | C9: =(D9+F9+E9)/3 -> 14.271667 | D9: 13.25 | E9: 14.415 | F9: 15.15 | G9: 2 | H9: =C9*G9 -> 28.543333 | L9: =IF(C9<11,"NA",IF(C9<15,"ECA",IF(C9<18,"A",IF(C9<20,"A+")))) -> ECA | O9: =D9*G9 -> 26.5 | P9: =E9*G9 -> 28.83 | Q9: =G9*F9 -> 30.3
B10: Expression Ecrite | C10: =(D10+F10+E10)/3 -> 13.5 | D10: 13.7 | E10: 11.2 | F10: 15.6 | G10: 1 | H10: =C10*G10 -> 13.5 | L10: =IF(C10<11,"NA",IF(C10<15,"ECA",IF(C10<18,"A",IF(C10<20,"A+")))) -> ECA | O10: =D10*G10 -> 13.7 | P10: =E10*G10 -> 11.2 | Q10: =G10*F10 -> 15.6
B11: Total du GROUPE I :
B12: Moyenne du Groupe : | C12: =(SUM(H5:H10)/SUM(G5:G10)) -> 14.134242 | G12: Rang de l’élève :
B14: ECM | C14: =(D14+F14+E14)/3 -> 16.916667 | D14: 16.55 | E14: 17.7 | F14: 16.5 | G14: 2 | H14: =C14*G14 -> 33.833333 | L14: =IF(C14<11,"NA",IF(C14<15,"ECA",IF(C14<18,"A",IF(C14<20,"A+")))) -> A | O14: =D14*G14 -> 33.1 | P14: =E14*G14 -> 35.4 | Q14: =G14*F14 -> 33
B15: Géographie | C15: =(D15+F15+E15)/3 -> 15.525 | D15: 13.25 | E15: 16.55 | F15: 16.775 | G15: 1.5 | H15: =C15*G15 -> 23.2875 | L15: =IF(C15<11,"NA",IF(C15<15,"ECA",IF(C15<18,"A",IF(C15<20,"A+")))) -> A | O15: =D15*G15 -> 19.875 | P15: =E15*G15 -> 24.825 | Q15: =G15*F15 -> 25.1625
B16: Histoire | C16: =(D16+F16+E16)/3 -> 12.691667 | D16: 11.825 | E16: 12.125 | F16: 14.125 | G16: 1.5 | H16: =C16*G16 -> 19.0375 | L16: =IF(C16<11,"NA",IF(C16<15,"ECA",IF(C16<18,"A",IF(C16<20,"A+")))) -> ECA | O16: =D16*G16 -> 17.7375 | P16: =E16*G16 -> 18.1875 | Q16: =G16*F16 -> 21.1875
B17: LCN | C17: =(D17+F17+E17)/3 -> 14.316667 | D17: 16.2 | E17: 12.75 | F17: 14 | G17: 1 | H17: =C17*G17 -> 14.316667 | L17: =IF(C17<11,"NA",IF(C17<15,"ECA",IF(C17<18,"A",IF(C17<20,"A+")))) -> ECA | O17: =D17*G17 -> 16.2 | P17: =E17*G17 -> 12.75 | Q17: =G17*F17 -> 14
B18: Total du GROUPE II :
B19: Moyenne du Groupe : | C19: =(SUM(H14:H17)/SUM(G14:G17)) -> 15.079167 | G19: Rang de l’élève :
B21: Informatique | C21: =(D21+F21+E21)/3 -> 14.308333 | D21: 14.175 | E21: 14.5 | F21: 14.25 | G21: 2 | H21: =C21*G21 -> 28.616667 | L21: =IF(C21<11,"NA",IF(C21<15,"ECA",IF(C21<18,"A",IF(C21<20,"A+")))) -> ECA | O21: =D21*G21 -> 28.35 | P21: =E21*G21 -> 29 | Q21: =G21*F21 -> 28.5
B22: Mathématiques | C22: =(D22+F22+E22)/3 -> 14.745 | D22: 14.4 | E22: 15.135 | F22: 14.7 | G22: 4 | H22: =C22*G22 -> 58.98 | L22: =IF(C22<11,"NA",IF(C22<15,"ECA",IF(C22<18,"A",IF(C22<20,"A+")))) -> ECA | O22: =D22*G22 -> 57.6 | P22: =E22*G22 -> 60.54 | Q22: =G22*F22 -> 58.8
B23: PCT | C23: =F23 -> 16 | F23: 16 | G23: 2 | H23: =C23*G23 -> 32 | L23: =IF(C23<11,"NA",IF(C23<15,"ECA",IF(C23<18,"A",IF(C23<20,"A+")))) -> A | O23: =D23*G23 -> 0 | P23: =E23*G23 -> 0 | Q23: =G23*F23 -> 32
B24: SVTEEHB | C24: =(D24+F24+E24)/3 -> 16.993333 | D24: 16.78 | E24: 15.7 | F24: 18.5 | G24: 2 | H24: =C24*G24 -> 33.986667 | L24: =IF(C24<11,"NA",IF(C24<15,"ECA",IF(C24<18,"A",IF(C24<20,"A+")))) -> A | O24: =D24*G24 -> 33.56 | P24: =E24*G24 -> 31.4 | Q24: =G24*F24 -> 37
B25: Total du GROUPE III :
B26: Moyenne du Groupe : | C26: =(SUM(H21:H24)/SUM(G21:G24)) -> 15.358333 | G26: Rang de l’élève :
B28: EAC | C28: =(D28+F28+E28)/3 -> 15.833333 | D28: 16 | E28: 15.5 | F28: 16 | G28: 1 | H28: =C28*G28 -> 15.833333 | L28: =IF(C28<11,"NA",IF(C28<15,"ECA",IF(C28<18,"A",IF(C28<20,"A+")))) -> A | O28: =D28*G28 -> 16 | P28: =E28*G28 -> 15.5 | Q28: =G28*F28 -> 16
B29: EPS | C29: =(D29+F29+E29)/3 -> 16.833333 | D29: 17 | E29: 17 | F29: 16.5 | G29: 2 | H29: =C29*G29 -> 33.666667 | L29: =IF(C29<11,"NA",IF(C29<15,"ECA",IF(C29<18,"A",IF(C29<20,"A+")))) -> A | O29: =D29*G29 -> 34 | P29: =E29*G29 -> 34 | Q29: =G29*F29 -> 33
B30: ESF | C30: =(D30+F30+E30)/3 -> 15.266667 | D30: 16 | E30: 15.8 | F30: 14 | G30: 1 | H30: =C30*G30 -> 15.266667 | L30: =IF(C30<11,"NA",IF(C30<15,"ECA",IF(C30<18,"A",IF(C30<20,"A+")))) -> A | O30: =D30*G30 -> 16 | P30: =E30*G30 -> 15.8 | Q30: =G30*F30 -> 14
B31: Travail Manuel | C31: =(D31+F31+E31)/3 -> 17.166667 | D31: 18.5 | E31: 17 | F31: 16 | G31: 1 | H31: =C31*G31 -> 17.166667 | L31: =IF(C31<11,"NA",IF(C31<15,"ECA",IF(C31<18,"A",IF(C31<20,"A+")))) -> A | O31: =D31*G31 -> 18.5 | P31: =E31*G31 -> 17 | Q31: =G31*F31 -> 16
B32: Total du GROUPE IV : | O32: =SUM(O6:O31) -> 377.8725 | P32: =SUM(P6:P31) -> 381.5325 | Q32: =SUM(Q5:Q31) -> 494
B33: Moyenne du Groupe : | C33: =(SUM(H28:H31)/SUM(G28:G31)) -> 16.386667 | G33: Rang de l’élève : | O33: 26 | P33: 26 | Q33: 32
O34: =O32/O33 -> 14.533558 | P34: =P32/P33 -> 14.674327 | Q34: =Q32/Q33 -> 15.4375
B35: Total Général (GI + GII + GIII+GIV) = | C35: Moy Gle de la Classe : | F35: Moy du 1er : | I35: Moy du Dernier :
C36: TRIM 1 | D36: TRIM 2 | E36: TRIM3
B37: Moyennes de l’Elève : | C37: =O34 -> 14.533558 | D37: =P34 -> 14.674327 | E37: =Q34 -> 15.4375 | F37: Annuel : | G37: =(H5+H6+H7+H8+H9+H10+H14+H15+H16+H17+H21+H22+H23+H24+H28+H29+H30+H31)/32 -> 15.045885 | H37: /20 | I37: Rang de l’élève : | L37: /20
B39: v La moyenne Annuelle n’est pas égale à la moyenne arithmétique des trimestres
B40: DECISIONS ET OBSERVATIONS / Décisions And Observations
B41: DISCIPLINE / Disciplin | C41: Appréciation du travail de l’élève | G41: TRAVAIL / Academic Work
B42: Nb d’Heures : | C42: =IF(G37<11,"NA",IF(G37<15,"ECA",IF(G37<18,"A",IF(G37<20,"A+")))) -> A | D42: =IF(#REF!<11,"NA",IF(#REF!<15,"ECA",IF(#REF!<18,"A",IF(#REF!<20,"A+")))) -> #REF! | F42: =IF(#REF!<11,"NA",IF(#REF!<15,"ECA",IF(#REF!<18,"A",IF(#REF!<20,"A+")))) -> #REF!
B43: Nb de jrnées : | C43: =IF(#REF!<11,"NA",IF(#REF!<15,"ECA",IF(#REF!<18,"A",IF(#REF!<20,"A+")))) -> #REF! | D43: =IF(#REF!<11,"NA",IF(#REF!<15,"ECA",IF(#REF!<18,"A",IF(#REF!<20,"A+")))) -> #REF! | F43: =IF(#REF!<11,"NA",IF(#REF!<15,"ECA",IF(#REF!<18,"A",IF(#REF!<20,"A+")))) -> #REF! | G43: Tableau d’honneur / Honour roll | K43: Observations et Visa du Principal
B44: Exclusions / Suspensions | C44: =IF(#REF!<11,"NA",IF(#REF!<15,"ECA",IF(#REF!<18,"A",IF(#REF!<20,"A+")))) -> #REF! | D44: =IF(#REF!<11,"NA",IF(#REF!<15,"ECA",IF(#REF!<18,"A",IF(#REF!<20,"A+")))) -> #REF! | F44: =IF(#REF!<11,"NA",IF(#REF!<15,"ECA",IF(#REF!<18,"A",IF(#REF!<20,"A+")))) -> #REF! | G44: Encouragements / Encouragements | K44: Observations and Signature of Principal
B45: Blâme / Blame | C45: Observations et Remarques du Professeur Principal | G45: Félicitations / Congratulations
B46: Avertissements / Warnings | G46: Décisions du Conseil de Classe | K46: Yaoundé le
B47: Observations et Remarques du parent de l’élève | K47: Le Principal

Sheet KOUAM
B4: MATIERES | C4: Annuel | D4: TRIM 1 | E4: TRIM 2 | F4: TRIM 3 | G4: Coef | H4: Moy × Coef | I4: Moy Gle Classe | K4: Rang | L4: Appréciations
B5: Allemand | C5: =F5 -> 14.5 | F5: 14.5 | G5: 2 | H5: =C5*G5 -> 29 | L5: =IF(C5<11,"NA",IF(C5<15,"ECA",IF(C5<18,"A",IF(C5<20,"A+")))) -> ECA | O5: =D5*G5 -> 0 | P5: =E5*G5 -> 0 | Q5: =G5*F5 -> 29
B6: Anglais | C6: =(D6+F6+E6)/3 -> 8 | D6: 7.3 | E6: 9 | F6: 7.7 | G6: 3 | H6: =C6*G6 -> 24 | L6: =IF(C6<11,"NA",IF(C6<15,"ECA",IF(C6<18,"A",IF(C6<20,"A+")))) -> NA | O6: =D6*G6 -> 21.9 | P6: =E6*G6 -> 27 | Q6: =G6*F6 -> 23.1
B7: Cor Orthographique/ Dictée | C7: =(D7+F7+E7)/3 -> 7.325 | D7: 8.6 | E7: 7 | F7: 6.375 | G7: 1 | H7: =C7*G7 -> 7.325 | L7: =IF(C7<11,"NA",IF(C7<15,"ECA",IF(C7<18,"A",IF(C7<20,"A+")))) -> NA | O7: =D7*G7 -> 8.6 | P7: =E7*G7 -> 7 | Q7: =G7*F7 -> 6.375
B8: Espagnol | C8: =F8 -> 15 | F8: 15 | G8: 2 | H8: =C8*G8 -> 30 | L8: =IF(C8<11,"NA",IF(C8<15,"ECA",IF(C8<18,"A",IF(C8<20,"A+")))) -> A | O8: =D8*G8 -> 0 | P8: =E8*G8 -> 0 | Q8: =G8*F8 -> 30
B9: Etude de Texte | C9: =(D9+F9+E9)/3 -> 8.71 | D9: 6.5 | E9: 11.03 | F9: 8.6 | G9: 2 | H9: =C9*G9 -> 17.42 | L9: =IF(C9<11,"NA",IF(C9<15,"ECA",IF(C9<18,"A",IF(C9<20,"A+")))) -> NA | O9: =D9*G9 -> 13 | P9: =E9*G9 -> 22.06 | Q9: =G9*F9 -> 17.2
B10: Expression Ecrite | C10: =(D10+F10+E10)/3 -> 9.79 | D10: 8 | E10: 11.07 | F10: 10.3 | G10: 1 | H10: =C10*G10 -> 9.79 | L10: =IF(C10<11,"NA",IF(C10<15,"ECA",IF(C10<18,"A",IF(C10<20,"A+")))) -> NA | O10: =D10*G10 -> 8 | P10: =E10*G10 -> 11.07 | Q10: =G10*F10 -> 10.3
B11: Total du GROUPE I :
B12: Moyenne du Groupe : | C12: =(SUM(H5:H10)/SUM(G5:G10)) -> 10.685 | G12: Rang de l’élève :
B14: ECM | C14: =(D14+F14+E14)/3 -> 13.283333 | D14: 11.65 | E14: 13.7 | F14: 14.5 | G14: 2 | H14: =C14*G14 -> 26.566667 | L14: =IF(C14<11,"NA",IF(C14<15,"ECA",IF(C14<18,"A",IF(C14<20,"A+")))) -> ECA | O14: =D14*G14 -> 23.3 | P14: =E14*G14 -> 27.4 | Q14: =G14*F14 -> 29
B15: Géographie | C15: =(D15+F15+E15)/3 -> 13.391667 | D15: 12.325 | E15: 13.175 | F15: 14.675 | G15: 1.5 | H15: =C15*G15 -> 20.0875 | L15: =IF(C15<11,"NA",IF(C15<15,"ECA",IF(C15<18,"A",IF(C15<20,"A+")))) -> ECA | O15: =D15*G15 -> 18.4875 | P15: =E15*G15 -> 19.7625 | Q15: =G15*F15 -> 22.0125
B16: Histoire | C16: =(D16+F16+E16)/3 -> 11.691667 | D16: 11.575 | E16: 11 | F16: 12.5 | G16: 1.5 | H16: =C16*G16 -> 17.5375 | L16: =IF(C16<11,"NA",IF(C16<15,"ECA",IF(C16<18,"A",IF(C16<20,"A+")))) -> ECA | O16: =D16*G16 -> 17.3625 | P16: =E16*G16 -> 16.5 | Q16: =G16*F16 -> 18.75
B17: LCN | C17: =(D17+F17+E17)/3 -> 10.383333 | D17: 12.15 | E17: 8.5 | F17: 10.5 | G17: 1 | H17: =C17*G17 -> 10.383333 | L17: =IF(C17<11,"NA",IF(C17<15,"ECA",IF(C17<18,"A",IF(C17<20,"A+")))) -> NA | O17: =D17*G17 -> 12.15 | P17: =E17*G17 -> 8.5 | Q17: =G17*F17 -> 10.5
B18: Total du GROUPE II :
B19: Moyenne du Groupe : | C19: =(SUM(H14:H17)/SUM(G14:G17)) -> 12.429167 | G19: Rang de l’élève :
B21: Informatique | C21: =(D21+F21+E21)/3 -> 9.9583333 | D21: 8.575 | E21: 9.8 | F21: 11.5 | G21: 2 | H21: =C21*G21 -> 19.916667 | L21: =IF(C21<11,"NA",IF(C21<15,"ECA",IF(C21<18,"A",IF(C21<20,"A+")))) -> NA | O21: =D21*G21 -> 17.15 | P21: =E21*G21 -> 19.6 | Q21: =G21*F21 -> 23
B22: Mathématiques | C22: =(D22+F22+E22)/3 -> 12.095 | D22: 10.95 | E22: 12.635 | F22: 12.7 | G22: 4 | H22: =C22*G22 -> 48.38 | L22: =IF(C22<11,"NA",IF(C22<15,"ECA",IF(C22<18,"A",IF(C22<20,"A+")))) -> ECA | O22: =D22*G22 -> 43.8 | P22: =E22*G22 -> 50.54 | Q22: =G22*F22 -> 50.8
B23: PCT | C23: =F23 -> 19 | F23: 19 | G23: 2 | H23: =C23*G23 -> 38 | L23: =IF(C23<11,"NA",IF(C23<15,"ECA",IF(C23<18,"A",IF(C23<20,"A+")))) -> A+ | O23: =D23*G23 -> 0 | P23: =E23*G23 -> 0 | Q23: =G23*F23 -> 38
B24: SVTEEHB | C24: =(D24+F24+E24)/3 -> 11.51 | D24: 9.55 | E24: 8.48 | F24: 16.5 | G24: 2 | H24: =C24*G24 -> 23.02 | L24: =IF(C24<11,"NA",IF(C24<15,"ECA",IF(C24<18,"A",IF(C24<20,"A+")))) -> ECA | O24: =D24*G24 -> 19.1 | P24: =E24*G24 -> 16.96 | Q24: =G24*F24 -> 33
B25: Total du GROUPE III :
B26: Moyenne du Groupe : | C26: =(SUM(H21:H24)/SUM(G21:G24)) -> 12.931667 | G26: Rang de l’élève :
B28: EAC | C28: =(D28+F28+E28)/3 -> 14 | D28: 13.5 | E28: 14.5 | F28: 14 | G28: 1 | H28: =C28*G28 -> 14 | L28: =IF(C28<11,"NA",IF(C28<15,"ECA",IF(C28<18,"A",IF(C28<20,"A+")))) -> ECA | O28: =D28*G28 -> 13.5 | P28: =E28*G28 -> 14.5 | Q28: =G28*F28 -> 14
B29: EPS | C29: =(D29+F29+E29)/3 -> 14.583333 | D29: 13.7 | E29: 15.05 | F29: 15 | G29: 2 | H29: =C29*G29 -> 29.166667 | L29: =IF(C29<11,"NA",IF(C29<15,"ECA",IF(C29<18,"A",IF(C29<20,"A+")))) -> ECA | O29: =D29*G29 -> 27.4 | P29: =E29*G29 -> 30.1 | Q29: =G29*F29 -> 30
B30: ESF | C30: =(D30+F30+E30)/3 -> 12.8 | D30: 12 | E30: 12.4 | F30: 14 | G30: 1 | H30: =C30*G30 -> 12.8 | L30: =IF(C30<11,"NA",IF(C30<15,"ECA",IF(C30<18,"A",IF(C30<20,"A+")))) -> ECA | O30: =D30*G30 -> 12 | P30: =E30*G30 -> 12.4 | Q30: =G30*F30 -> 14
B31: Travail Manuel | C31: =(D31+F31+E31)/3 -> 14.5 | D31: 12 | E31: 16 | F31: 15.5 | G31: 1 | H31: =C31*G31 -> 14.5 | L31: =IF(C31<11,"NA",IF(C31<15,"ECA",IF(C31<18,"A",IF(C31<20,"A+")))) -> ECA | O31: =D31*G31 -> 12 | P31: =E31*G31 -> 16 | Q31: =G31*F31 -> 15.5
B32: Total du GROUPE IV : | O32: =SUM(O6:O31) -> 267.75 | P32: =SUM(P6:P31) -> 299.3925 | Q32: =SUM(Q5:Q31) -> 414.5375
B33: Moyenne du Groupe : | C33: =(SUM(H28:H31)/SUM(G28:G31)) -> 14.093333 | G33: Rang de l’élève : | O33: 26 | P33: 26 | Q33: 32
O34: =O32/O33 -> 10.298077 | P34: =P32/P33 -> 11.515096 | Q34: =Q32/Q33 -> 12.954297
B35: Total Général (GI + GII + GIII+GIV) = | C35: Moy Gle de la Classe : | F35: Moy du 1er : | I35: Moy du Dernier :
C36: TRIM 1 | D36: TRIM 2 | E36: TRIM3
B37: Moyennes de l’Elève : | C37: =O34 -> 10.298077 | D37: =P34 -> 11.515096 | E37: =Q34 -> 12.954297 | F37: Annuel : | G37: =(H5+H6+H7+H8+H9+H10+H14+H15+H16+H17+H21+H22+H23+H24+H28+H29+H30+H31)/32 -> 12.246667 | H37: /20 | I37: Rang de l’élève : | L37: /20
B39: v La moyenne Annuelle n’est pas égale à la moyenne arithmétique des trimestres
B40: DECISIONS ET OBSERVATIONS / Décisions And Observations
B41: DISCIPLINE / Disciplin | C41: Appréciation du travail de l’élève | G41: TRAVAIL / Academic Work
B42: Nb d’Heures : | C42: =IF(G37<11,"NA",IF(G37<15,"ECA",IF(G37<18,"A",IF(G37<20,"A+")))) -> ECA | D42: =IF(#REF!<11,"NA",IF(#REF!<15,"ECA",IF(#REF!<18,"A",IF(#REF!<20,"A+")))) -> #REF! | F42: =IF(#REF!<11,"NA",IF(#REF!<15,"ECA",IF(#REF!<18,"A",IF(#REF!<20,"A+")))) -> #REF!
B43: Nb de jrnées : | C43: =IF(#REF!<11,"NA",IF(#REF!<15,"ECA",IF(#REF!<18,"A",IF(#REF!<20,"A+")))) -> #REF! | D43: =IF(#REF!<11,"NA",IF(#REF!<15,"ECA",IF(#REF!<18,"A",IF(#REF!<20,"A+")))) -> #REF! | F43: =IF(#REF!<11,"NA",IF(#REF!<15,"ECA",IF(#REF!<18,"A",IF(#REF!<20,"A+")))) -> #REF! | G43: Tableau d’honneur / Honour roll | K43: Observations et Visa du Principal
B44: Exclusions / Suspensions | C44: =IF(#REF!<11,"NA",IF(#REF!<15,"ECA",IF(#REF!<18,"A",IF(#REF!<20,"A+")))) -> #REF! | D44: =IF(#REF!<11,"NA",IF(#REF!<15,"ECA",IF(#REF!<18,"A",IF(#REF!<20,"A+")))) -> #REF! | F44: =IF(#REF!<11,"NA",IF(#REF!<15,"ECA",IF(#REF!<18,"A",IF(#REF!<20,"A+")))) -> #REF! | G44: Encouragements / Encouragements | K44: Observations and Signature of Principal
B45: Blâme / Blame | C45: Observations et Remarques du Professeur Principal | G45: Félicitations / Congratulations
B46: Avertissements / Warnings | G46: Décisions du Conseil de Classe | K46: Yaoundé le
B47: Observations et Remarques du parent de l’élève | K47: Le Principal

Sheet MAGATSING
B4: MATIERES | C4: Annuel | D4: TRIM 1 | E4: TRIM 2 | F4: TRIM 3 | G4: Coef | H4: Moy × Coef | I4: Moy Gle Classe | K4: Rang | L4: Appréciations
B5: Allemand | C5: =F5 -> 10.5 | F5: 10.5 | G5: 2 | H5: =C5*G5 -> 21 | L5: =IF(C5<11,"NA",IF(C5<15,"ECA",IF(C5<18,"A",IF(C5<20,"A+")))) -> NA | O5: =D5*G5 -> 0 | P5: =E5*G5 -> 0 | Q5: =G5*F5 -> 21
B6: Anglais | C6: =(D6+F6+E6)/3 -> 7.9583333 | D6: 6.575 | E6: 7.675 | F6: 9.625 | G6: 3 | H6: =C6*G6 -> 23.875 | L6: =IF(C6<11,"NA",IF(C6<15,"ECA",IF(C6<18,"A",IF(C6<20,"A+")))) -> NA | O6: =D6*G6 -> 19.725 | P6: =E6*G6 -> 23.025 | Q6: =G6*F6 -> 28.875
B7: Cor Orthographique/ Dictée | C7: =(D7+F7+E7)/3 -> 7.1083333 | D7: 6 | E7: 5.7 | F7: 9.625 | G7: 1 | H7: =C7*G7 -> 7.1083333 | L7: =IF(C7<11,"NA",IF(C7<15,"ECA",IF(C7<18,"A",IF(C7<20,"A+")))) -> NA | O7: =D7*G7 -> 6 | P7: =E7*G7 -> 5.7 | Q7: =G7*F7 -> 9.625
B8: Espagnol | C8: =F8 -> 15.75 | F8: 15.75 | G8: 2 | H8: =C8*G8 -> 31.5 | L8: =IF(C8<11,"NA",IF(C8<15,"ECA",IF(C8<18,"A",IF(C8<20,"A+")))) -> A | O8: =D8*G8 -> 0 | P8: =E8*G8 -> 0 | Q8: =G8*F8 -> 31.5
B9: Etude de Texte | C9: =(D9+F9+E9)/3 -> 10.35 | D9: 9.65 | E9: 12.4 | F9: 9 | G9: 2 | H9: =C9*G9 -> 20.7 | L9: =IF(C9<11,"NA",IF(C9<15,"ECA",IF(C9<18,"A",IF(C9<20,"A+")))) -> NA | O9: =D9*G9 -> 19.3 | P9: =E9*G9 -> 24.8 | Q9: =G9*F9 -> 18
B10: Expression Ecrite | C10: =(D10+F10+E10)/3 -> 9.655 | D10: 8.5 | E10: 10.965 | F10: 9.5 | G10: 1 | H10: =C10*G10 -> 9.655 | L10: =IF(C10<11,"NA",IF(C10<15,"ECA",IF(C10<18,"A",IF(C10<20,"A+")))) -> NA | O10: =D10*G10 -> 8.5 | P10: =E10*G10 -> 10.965 | Q10: =G10*F10 -> 9.5
B11: Total du GROUPE I :
B12: Moyenne du Groupe : | C12: =(SUM(H5:H10)/SUM(G5:G10)) -> 10.348939 | G12: Rang de l’élève :
B14: ECM | C14: =(D14+F14+E14)/3 -> 13.6 | D14: 14.7 | E14: 14.6 | F14: 11.5 | G14: 2 | H14: =C14*G14 -> 27.2 | L14: =IF(C14<11,"NA",IF(C14<15,"ECA",IF(C14<18,"A",IF(C14<20,"A+")))) -> ECA | O14: =D14*G14 -> 29.4 | P14: =E14*G14 -> 29.2 | Q14: =G14*F14 -> 23
B15: Géographie | C15: =(D15+F15+E15)/3 -> 12.558333 | D15: 11.45 | E15: 13.85 | F15: 12.375 | G15: 1.5 | H15: =C15*G15 -> 18.8375 | L15: =IF(C15<11,"NA",IF(C15<15,"ECA",IF(C15<18,"A",IF(C15<20,"A+")))) -> ECA | O15: =D15*G15 -> 17.175 | P15: =E15*G15 -> 20.775 | Q15: =G15*F15 -> 18.5625
B16: Histoire | C16: =(D16+F16+E16)/3 -> 12.491667 | D16: 12.525 | E16: 12.825 | F16: 12.125 | G16: 1.5 | H16: =C16*G16 -> 18.7375 | L16: =IF(C16<11,"NA",IF(C16<15,"ECA",IF(C16<18,"A",IF(C16<20,"A+")))) -> ECA | O16: =D16*G16 -> 18.7875 | P16: =E16*G16 -> 19.2375 | Q16: =G16*F16 -> 18.1875
B17: LCN | C17: =(D17+F17+E17)/3 -> 10.983333 | D17: 11.45 | E17: 10 | F17: 11.5 | G17: 1 | H17: =C17*G17 -> 10.983333 | L17: =IF(C17<11,"NA",IF(C17<15,"ECA",IF(C17<18,"A",IF(C17<20,"A+")))) -> NA | O17: =D17*G17 -> 11.45 | P17: =E17*G17 -> 10 | Q17: =G17*F17 -> 11.5
B18: Total du GROUPE II :
B19: Moyenne du Groupe : | C19: =(SUM(H14:H17)/SUM(G14:G17)) -> 12.626389 | G19: Rang de l’élève :
B21: Informatique | C21: =(D21+F21+E21)/3 -> 13.3 | D21: 14 | E21: 12.65 | F21: 13.25 | G21: 2 | H21: =C21*G21 -> 26.6 | L21: =IF(C21<11,"NA",IF(C21<15,"ECA",IF(C21<18,"A",IF(C21<20,"A+")))) -> ECA | O21: =D21*G21 -> 28 | P21: =E21*G21 -> 25.3 | Q21: =G21*F21 -> 26.5
B22: Mathématiques | C22: =(D22+F22+E22)/3 -> 12.178333 | D22: 12.25 | E22: 11.885 | F22: 12.4 | G22: 4 | H22: =C22*G22 -> 48.713333 | L22: =IF(C22<11,"NA",IF(C22<15,"ECA",IF(C22<18,"A",IF(C22<20,"A+")))) -> ECA | O22: =D22*G22 -> 49 | P22: =E22*G22 -> 47.54 | Q22: =G22*F22 -> 49.6
B23: PCT | C23: =F23 -> 15 | F23: 15 | G23: 2 | H23: =C23*G23 -> 30 | L23: =IF(C23<11,"NA",IF(C23<15,"ECA",IF(C23<18,"A",IF(C23<20,"A+")))) -> A | O23: =D23*G23 -> 0 | P23: =E23*G23 -> 0 | Q23: =G23*F23 -> 30
B24: SVTEEHB | C24: =(D24+F24+E24)/3 -> 13.633333 | D24: 13.55 | E24: 12.1 | F24: 15.25 | G24: 2 | H24: =C24*G24 -> 27.266667 | L24: =IF(C24<11,"NA",IF(C24<15,"ECA",IF(C24<18,"A",IF(C24<20,"A+")))) -> ECA | O24: =D24*G24 -> 27.1 | P24: =E24*G24 -> 24.2 | Q24: =G24*F24 -> 30.5
B25: Total du GROUPE III :
B26: Moyenne du Groupe : | C26: =(SUM(H21:H24)/SUM(G21:G24)) -> 13.258 | G26: Rang de l’élève :
B28: EAC | C28: =(D28+F28+E28)/3 -> 15.666667 | D28: 13 | E28: 16 | F28: 18 | G28: 1 | H28: =C28*G28 -> 15.666667 | L28: =IF(C28<11,"NA",IF(C28<15,"ECA",IF(C28<18,"A",IF(C28<20,"A+")))) -> A | O28: =D28*G28 -> 13 | P28: =E28*G28 -> 16 | Q28: =G28*F28 -> 18
B29: EPS | C29: =(D29+F29+E29)/3 -> 14.283333 | D29: 13.8 | E29: 14.85 | F29: 14.2 | G29: 2 | H29: =C29*G29 -> 28.566667 | L29: =IF(C29<11,"NA",IF(C29<15,"ECA",IF(C29<18,"A",IF(C29<20,"A+")))) -> ECA | O29: =D29*G29 -> 27.6 | P29: =E29*G29 -> 29.7 | Q29: =G29*F29 -> 28.4
B30: ESF | C30: =(D30+F30+E30)/3 -> 12.633333 | D30: 13 | E30: 10.9 | F30: 14 | G30: 1 | H30: =C30*G30 -> 12.633333 | L30: =IF(C30<11,"NA",IF(C30<15,"ECA",IF(C30<18,"A",IF(C30<20,"A+")))) -> ECA | O30: =D30*G30 -> 13 | P30: =E30*G30 -> 10.9 | Q30: =G30*F30 -> 14
B31: Travail Manuel | C31: =(D31+F31+E31)/3 -> 15.333333 | D31: 15 | E31: 16 | F31: 15 | G31: 1 | H31: =C31*G31 -> 15.333333 | L31: =IF(C31<11,"NA",IF(C31<15,"ECA",IF(C31<18,"A",IF(C31<20,"A+")))) -> A | O31: =D31*G31 -> 15 | P31: =E31*G31 -> 16 | Q31: =G31*F31 -> 15
B32: Total du GROUPE IV : | O32: =SUM(O6:O31) -> 303.0375 | P32: =SUM(P6:P31) -> 313.3425 | Q32: =SUM(Q5:Q31) -> 401.75
B33: Moyenne du Groupe : | C33: =(SUM(H28:H31)/SUM(G28:G31)) -> 14.44 | G33: Rang de l’élève : | O33: 26 | P33: 26 | Q33: 32
O34: =O32/O33 -> 11.655288 | P34: =P32/P33 -> 12.051635 | Q34: =Q32/Q33 -> 12.554688
B35: Total Général (GI + GII + GIII+GIV) = | C35: Moy Gle de la Classe : | F35: Moy du 1er : | I35: Moy du Dernier :
C36: TRIM 1 | D36: TRIM 2 | E36: TRIM3
B37: Moyennes de l’Elève : | C37: =O34 -> 11.655288 | D37: =P34 -> 12.051635 | E37: =Q34 -> 12.554688 | F37: Annuel : | G37: =(H5+H6+H7+H8+H9+H10+H14+H15+H16+H17+H21+H22+H23+H24+H28+H29+H30+H31)/32 -> 12.324271 | H37: /20 | I37: Rang de l’élève : | L37: /20
B39: v La moyenne Annuelle n’est pas égale à la moyenne arithmétique des trimestres
B40: DECISIONS ET OBSERVATIONS / Décisions And Observations
B41: DISCIPLINE / Disciplin | C41: Appréciation du travail de l’élève | G41: TRAVAIL / Academic Work
B42: Nb d’Heures : | C42: =IF(G37<11,"NA",IF(G37<15,"ECA",IF(G37<18,"A",IF(G37<20,"A+")))) -> ECA | D42: =IF(#REF!<11,"NA",IF(#REF!<15,"ECA",IF(#REF!<18,"A",IF(#REF!<20,"A+")))) -> #REF! | F42: =IF(#REF!<11,"NA",IF(#REF!<15,"ECA",IF(#REF!<18,"A",IF(#REF!<20,"A+")))) -> #REF!
B43: Nb de jrnées : | C43: =IF(#REF!<11,"NA",IF(#REF!<15,"ECA",IF(#REF!<18,"A",IF(#REF!<20,"A+")))) -> #REF! | D43: =IF(#REF!<11,"NA",IF(#REF!<15,"ECA",IF(#REF!<18,"A",IF(#REF!<20,"A+")))) -> #REF! | F43: =IF(#REF!<11,"NA",IF(#REF!<15,"ECA",IF(#REF!<18,"A",IF(#REF!<20,"A+")))) -> #REF! | G43: Tableau d’honneur / Honour roll | K43: Observations et Visa du Principal
B44: Exclusions / Suspensions | C44: =IF(#REF!<11,"NA",IF(#REF!<15,"ECA",IF(#REF!<18,"A",IF(#REF!<20,"A+")))) -> #REF! | D44: =IF(#REF!<11,"NA",IF(#REF!<15,"ECA",IF(#REF!<18,"A",IF(#REF!<20,"A+")))) -> #REF! | F44: =IF(#REF!<11,"NA",IF(#REF!<15,"ECA",IF(#REF!<18,"A",IF(#REF!<20,"A+")))) -> #REF! | G44: Encouragements / Encouragements | K44: Observations and Signature of Principal
B45: Blâme / Blame | C45: Observations et Remarques du Professeur Principal | G45: Félicitations / Congratulations
B46: Avertissements / Warnings | G46: Décisions du Conseil de Classe | K46: Yaoundé le
B47: Observations et Remarques du parent de l’élève | K47: Le Principal

Sheet MENYE
B4: MATIERES | C4: Annuel | D4: TRIM 1 | E4: TRIM 2 | F4: TRIM 3 | G4: Coef | H4: Moy × Coef | I4: Moy Gle Classe | K4: Rang | L4: Appréciations
B5: Allemand | C5: =F5 -> 9 | F5: 9 | G5: 2 | H5: =C5*G5 -> 18 | L5: =IF(C5<11,"NA",IF(C5<15,"ECA",IF(C5<18,"A",IF(C5<20,"A+")))) -> NA | O5: =D5*G5 -> 0 | P5: =E5*G5 -> 0 | Q5: =G5*F5 -> 18
B6: Anglais | C6: =(D6+F6+E6)/3 -> 6.425 | D6: 6.05 | E6: 5.6 | F6: 7.625 | G6: 3 | H6: =C6*G6 -> 19.275 | L6: =IF(C6<11,"NA",IF(C6<15,"ECA",IF(C6<18,"A",IF(C6<20,"A+")))) -> NA | O6: =D6*G6 -> 18.15 | P6: =E6*G6 -> 16.8 | Q6: =G6*F6 -> 22.875
B7: Cor Orthographique/ Dictée | C7: =(D7+F7+E7)/3 -> 6.9416667 | D7: 7.9 | E7: 9.3 | F7: 3.625 | G7: 1 | H7: =C7*G7 -> 6.9416667 | L7: =IF(C7<11,"NA",IF(C7<15,"ECA",IF(C7<18,"A",IF(C7<20,"A+")))) -> NA | O7: =D7*G7 -> 7.9 | P7: =E7*G7 -> 9.3 | Q7: =G7*F7 -> 3.625
B8: Espagnol | C8: =F8 -> 13.5 | F8: 13.5 | G8: 2 | H8: =C8*G8 -> 27 | L8: =IF(C8<11,"NA",IF(C8<15,"ECA",IF(C8<18,"A",IF(C8<20,"A+")))) -> ECA | O8: =D8*G8 -> 0 | P8: =E8*G8 -> 0 | Q8: =G8*F8 -> 27
B9: Etude de Texte | C9: =(D9+F9+E9)/3 -> 8.0366667 | D9: 7.35 | E9: 9.76 | F9: 7 | G9: 2 | H9: =C9*G9 -> 16.073333 | L9: =IF(C9<11,"NA",IF(C9<15,"ECA",IF(C9<18,"A",IF(C9<20,"A+")))) -> NA | O9: =D9*G9 -> 14.7 | P9: =E9*G9 -> 19.52 | Q9: =G9*F9 -> 14
B10: Expression Ecrite | C10: =(D10+F10+E10)/3 -> 12.083333 | D10: 12.7 | E10: 14.8 | F10: 8.75 | G10: 1 | H10: =C10*G10 -> 12.083333 | L10: =IF(C10<11,"NA",IF(C10<15,"ECA",IF(C10<18,"A",IF(C10<20,"A+")))) -> ECA | O10: =D10*G10 -> 12.7 | P10: =E10*G10 -> 14.8 | Q10: =G10*F10 -> 8.75
B11: Total du GROUPE I :
B12: Moyenne du Groupe : | C12: =(SUM(H5:H10)/SUM(G5:G10)) -> 9.0339394 | G12: Rang de l’élève :
B14: ECM | C14: =(D14+F14+E14)/3 -> 12.283333 | D14: 11.35 | E14: 14 | F14: 11.5 | G14: 2 | H14: =C14*G14 -> 24.566667 | L14: =IF(C14<11,"NA",IF(C14<15,"ECA",IF(C14<18,"A",IF(C14<20,"A+")))) -> ECA | O14: =D14*G14 -> 22.7 | P14: =E14*G14 -> 28 | Q14: =G14*F14 -> 23
B15: Géographie | C15: =(D15+F15+E15)/3 -> 12.35 | D15: 10.8 | E15: 13.75 | F15: 12.5 | G15: 1.5 | H15: =C15*G15 -> 18.525 | L15: =IF(C15<11,"NA",IF(C15<15,"ECA",IF(C15<18,"A",IF(C15<20,"A+")))) -> ECA | O15: =D15*G15 -> 16.2 | P15: =E15*G15 -> 20.625 | Q15: =G15*F15 -> 18.75
B16: Histoire | C16: =(D16+F16+E16)/3 -> 11.041667 | D16: 9.175 | E16: 11.2 | F16: 12.75 | G16: 1.5 | H16: =C16*G16 -> 16.5625 | L16: =IF(C16<11,"NA",IF(C16<15,"ECA",IF(C16<18,"A",IF(C16<20,"A+")))) -> ECA | O16: =D16*G16 -> 13.7625 | P16: =E16*G16 -> 16.8 | Q16: =G16*F16 -> 19.125
B17: LCN | C17: =(D17+F17+E17)/3 -> 11.166667 | D17: 11 | E17: 10 | F17: 12.5 | G17: 1 | H17: =C17*G17 -> 11.166667 | L17: =IF(C17<11,"NA",IF(C17<15,"ECA",IF(C17<18,"A",IF(C17<20,"A+")))) -> ECA | O17: =D17*G17 -> 11 | P17: =E17*G17 -> 10 | Q17: =G17*F17 -> 12.5
B18: Total du GROUPE II :
B19: Moyenne du Groupe : | C19: =(SUM(H14:H17)/SUM(G14:G17)) -> 11.803472 | G19: Rang de l’élève :
B21: Informatique | C21: =(D21+F21+E21)/3 -> 8.9833333 | D21: 12.15 | E21: 8.3 | F21: 6.5 | G21: 2 | H21: =C21*G21 -> 17.966667 | L21: =IF(C21<11,"NA",IF(C21<15,"ECA",IF(C21<18,"A",IF(C21<20,"A+")))) -> NA | O21: =D21*G21 -> 24.3 | P21: =E21*G21 -> 16.6 | Q21: =G21*F21 -> 13
B22: Mathématiques | C22: =(D22+F22+E22)/3 -> 11.556667 | D22: 10.8 | E22: 12.67 | F22: 11.2 | G22: 4 | H22: =C22*G22 -> 46.226667 | L22: =IF(C22<11,"NA",IF(C22<15,"ECA",IF(C22<18,"A",IF(C22<20,"A+")))) -> ECA | O22: =D22*G22 -> 43.2 | P22: =E22*G22 -> 50.68 | Q22: =G22*F22 -> 44.8
B23: PCT | C23: =F23 -> 18 | F23: 18 | G23: 2 | H23: =C23*G23 -> 36 | L23: =IF(C23<11,"NA",IF(C23<15,"ECA",IF(C23<18,"A",IF(C23<20,"A+")))) -> A+ | O23: =D23*G23 -> 0 | P23: =E23*G23 -> 0 | Q23: =G23*F23 -> 36
B24: SVTEEHB | C24: =(D24+F24+E24)/3 -> 10.783333 | D24: 10.7 | E24: 8.9 | F24: 12.75 | G24: 2 | H24: =C24*G24 -> 21.566667 | L24: =IF(C24<11,"NA",IF(C24<15,"ECA",IF(C24<18,"A",IF(C24<20,"A+")))) -> NA | O24: =D24*G24 -> 21.4 | P24: =E24*G24 -> 17.8 | Q24: =G24*F24 -> 25.5
B25: Total du GROUPE III :
B26: Moyenne du Groupe : | C26: =(SUM(H21:H24)/SUM(G21:G24)) -> 12.176 | G26: Rang de l’élève :
B28: EAC | C28: =(D28+F28+E28)/3 -> 18.333333 | D28: 19 | E28: 19 | F28: 17 | G28: 1 | H28: =C28*G28 -> 18.333333 | L28: =IF(C28<11,"NA",IF(C28<15,"ECA",IF(C28<18,"A",IF(C28<20,"A+")))) -> A+ | O28: =D28*G28 -> 19 | P28: =E28*G28 -> 19 | Q28: =G28*F28 -> 17
B29: EPS | C29: =(D29+F29+E29)/3 -> 15.85 | D29: 15.35 | E29: 17 | F29: 15.2 | G29: 2 | H29: =C29*G29 -> 31.7 | L29: =IF(C29<11,"NA",IF(C29<15,"ECA",IF(C29<18,"A",IF(C29<20,"A+")))) -> A | O29: =D29*G29 -> 30.7 | P29: =E29*G29 -> 34 | Q29: =G29*F29 -> 30.4
B30: ESF | C30: =(D30+F30+E30)/3 -> 11.5 | D30: 13.5 | E30: 7 | F30: 14 | G30: 1 | H30: =C30*G30 -> 11.5 | L30: =IF(C30<11,"NA",IF(C30<15,"ECA",IF(C30<18,"A",IF(C30<20,"A+")))) -> ECA | O30: =D30*G30 -> 13.5 | P30: =E30*G30 -> 7 | Q30: =G30*F30 -> 14
B31: Travail Manuel | C31: =(D31+F31+E31)/3 -> 15.75 | D31: 15 | E31: 16 | F31: 16.25 | G31: 1 | H31: =C31*G31 -> 15.75 | L31: =IF(C31<11,"NA",IF(C31<15,"ECA",IF(C31<18,"A",IF(C31<20,"A+")))) -> A | O31: =D31*G31 -> 15 | P31: =E31*G31 -> 16 | Q31: =G31*F31 -> 16.25
B32: Total du GROUPE IV : | O32: =SUM(O6:O31) -> 284.2125 | P32: =SUM(P6:P31) -> 296.925 | Q32: =SUM(Q5:Q31) -> 364.575
B33: Moyenne du Groupe : | C33: =(SUM(H28:H31)/SUM(G28:G31)) -> 15.456667 | G33: Rang de l’élève : | O33: 26 | P33: 26 | Q33: 32
O34: =O32/O33 -> 10.93125 | P34: =P32/P33 -> 11.420192 | Q34: =Q32/Q33 -> 11.392969
B35: Total Général (GI + GII + GIII+GIV) = | C35: Moy Gle de la Classe : | F35: Moy du 1er : | I35: Moy du Dernier :
C36: TRIM 1 | D36: TRIM 2 | E36: TRIM3
B37: Moyennes de l’Elève : | C37: =O34 -> 10.93125 | D37: =P34 -> 11.420192 | E37: =Q34 -> 11.392969 | F37: Annuel : | G37: =(H5+H6+H7+H8+H9+H10+H14+H15+H16+H17+H21+H22+H23+H24+H28+H29+H30+H31)/32 -> 11.538672 | H37: /20 | I37: Rang de l’élève : | L37: /20
B39: v La moyenne Annuelle n’est pas égale à la moyenne arithmétique des trimestres
B40: DECISIONS ET OBSERVATIONS / Décisions And Observations
B41: DISCIPLINE / Disciplin | C41: Appréciation du travail de l’élève | G41: TRAVAIL / Academic Work
B42: Nb d’Heures : | C42: =IF(G37<11,"NA",IF(G37<15,"ECA",IF(G37<18,"A",IF(G37<20,"A+")))) -> ECA | D42: =IF(#REF!<11,"NA",IF(#REF!<15,"ECA",IF(#REF!<18,"A",IF(#REF!<20,"A+")))) -> #REF! | F42: =IF(#REF!<11,"NA",IF(#REF!<15,"ECA",IF(#REF!<18,"A",IF(#REF!<20,"A+")))) -> #REF!
B43: Nb de jrnées : | C43: =IF(#REF!<11,"NA",IF(#REF!<15,"ECA",IF(#REF!<18,"A",IF(#REF!<20,"A+")))) -> #REF! | D43: =IF(#REF!<11,"NA",IF(#REF!<15,"ECA",IF(#REF!<18,"A",IF(#REF!<20,"A+")))) -> #REF! | F43: =IF(#REF!<11,"NA",IF(#REF!<15,"ECA",IF(#REF!<18,"A",IF(#REF!<20,"A+")))) -> #REF! | G43: Tableau d’honneur / Honour roll | K43: Observations et Visa du Principal
B44: Exclusions / Suspensions | C44: =IF(#REF!<11,"NA",IF(#REF!<15,"ECA",IF(#REF!<18,"A",IF(#REF!<20,"A+")))) -> #REF! | D44: =IF(#REF!<11,"NA",IF(#REF!<15,"ECA",IF(#REF!<18,"A",IF(#REF!<20,"A+")))) -> #REF! | F44: =IF(#REF!<11,"NA",IF(#REF!<15,"ECA",IF(#REF!<18,"A",IF(#REF!<20,"A+")))) -> #REF! | G44: Encouragements / Encouragements | K44: Observations and Signature of Principal
B45: Blâme / Blame | C45: Observations et Remarques du Professeur Principal | G45: Félicitations / Congratulations
B46: Avertissements / Warnings | G46: Décisions du Conseil de Classe | K46: Yaoundé le
B47: Observations et Remarques du parent de l’élève | K47: Le Principal

Sheet NGO KONDE
B4: MATIERES | C4: Annuel | D4: TRIM 1 | E4: TRIM 2 | F4: TRIM 3 | G4: Coef | H4: Moy × Coef | I4: Moy Gle Classe | K4: Rang | L4: Appréciations
B5: Allemand | C5: =F5 -> 6 | F5: 6 | G5: 2 | H5: =C5*G5 -> 12 | L5: =IF(C5<11,"NA",IF(C5<15,"ECA",IF(C5<18,"A",IF(C5<20,"A+")))) -> NA | O5: =D5*G5 -> 0 | P5: =E5*G5 -> 0 | Q5: =G5*F5 -> 12
B6: Anglais | C6: =(D6+F6+E6)/3 -> 9.475 | D6: 7.7 | E6: 9.8 | F6: 10.925 | G6: 3 | H6: =C6*G6 -> 28.425 | L6: =IF(C6<11,"NA",IF(C6<15,"ECA",IF(C6<18,"A",IF(C6<20,"A+")))) -> NA | O6: =D6*G6 -> 23.1 | P6: =E6*G6 -> 29.4 | Q6: =G6*F6 -> 32.775
B7: Cor Orthographique/ Dictée | C7: =(D7+F7+E7)/3 -> 7.925 | D7: 7.9 | E7: 7.25 | F7: 8.625 | G7: 1 | H7: =C7*G7 -> 7.925 | L7: =IF(C7<11,"NA",IF(C7<15,"ECA",IF(C7<18,"A",IF(C7<20,"A+")))) -> NA | O7: =D7*G7 -> 7.9 | P7: =E7*G7 -> 7.25 | Q7: =G7*F7 -> 8.625
B8: Espagnol | C8: =F8 -> 7 | F8: 7 | G8: 2 | H8: =C8*G8 -> 14 | L8: =IF(C8<11,"NA",IF(C8<15,"ECA",IF(C8<18,"A",IF(C8<20,"A+")))) -> NA | O8: =D8*G8 -> 0 | P8: =E8*G8 -> 0 | Q8: =G8*F8 -> 14
B9: Etude de Texte | C9: =(D9+F9+E9)/3 -> 7.2166667 | D9: 6.55 | E9: 7.4 | F9: 7.7 | G9: 2 | H9: =C9*G9 -> 14.433333 | L9: =IF(C9<11,"NA",IF(C9<15,"ECA",IF(C9<18,"A",IF(C9<20,"A+")))) -> NA | O9: =D9*G9 -> 13.1 | P9: =E9*G9 -> 14.8 | Q9: =G9*F9 -> 15.4
B10: Expression Ecrite | C10: =(D10+F10+E10)/3 -> 9.56 | D10: 9.7 | E10: 9.53 | F10: 9.45 | G10: 1 | H10: =C10*G10 -> 9.56 | L10: =IF(C10<11,"NA",IF(C10<15,"ECA",IF(C10<18,"A",IF(C10<20,"A+")))) -> NA | O10: =D10*G10 -> 9.7 | P10: =E10*G10 -> 9.53 | Q10: =G10*F10 -> 9.45
B11: Total du GROUPE I :
B12: Moyenne du Groupe : | C12: =(SUM(H5:H10)/SUM(G5:G10)) -> 7.8493939 | G12: Rang de l’élève :
B14: ECM | C14: =(D14+F14+E14)/3 -> 14.966667 | D14: 14.2 | E14: 15.7 | F14: 15 | G14: 2 | H14: =C14*G14 -> 29.933333 | L14: =IF(C14<11,"NA",IF(C14<15,"ECA",IF(C14<18,"A",IF(C14<20,"A+")))) -> ECA | O14: =D14*G14 -> 28.4 | P14: =E14*G14 -> 31.4 | Q14: =G14*F14 -> 30
B15: Géographie | C15: =(D15+F15+E15)/3 -> 14.1 | D15: 12.875 | E15: 16.225 | F15: 13.2 | G15: 1.5 | H15: =C15*G15 -> 21.15 | L15: =IF(C15<11,"NA",IF(C15<15,"ECA",IF(C15<18,"A",IF(C15<20,"A+")))) -> ECA | O15: =D15*G15 -> 19.3125 | P15: =E15*G15 -> 24.3375 | Q15: =G15*F15 -> 19.8
B16: Histoire | C16: =(D16+F16+E16)/3 -> 11.583333 | D16: 10.325 | E16: 12.3 | F16: 12.125 | G16: 1.5 | H16: =C16*G16 -> 17.375 | L16: =IF(C16<11,"NA",IF(C16<15,"ECA",IF(C16<18,"A",IF(C16<20,"A+")))) -> ECA | O16: =D16*G16 -> 15.4875 | P16: =E16*G16 -> 18.45 | Q16: =G16*F16 -> 18.1875
B17: LCN | C17: =(D17+F17+E17)/3 -> 8.625 | D17: 8 | E17: 8.5 | F17: 9.375 | G17: 1 | H17: =C17*G17 -> 8.625 | L17: =IF(C17<11,"NA",IF(C17<15,"ECA",IF(C17<18,"A",IF(C17<20,"A+")))) -> NA | O17: =D17*G17 -> 8 | P17: =E17*G17 -> 8.5 | Q17: =G17*F17 -> 9.375
B18: Total du GROUPE II :
B19: Moyenne du Groupe : | C19: =(SUM(H14:H17)/SUM(G14:G17)) -> 12.847222 | G19: Rang de l’élève :
B21: Informatique | C21: =(D21+F21+E21)/3 -> 10.183333 | D21: 10.2 | E21: 10.65 | F21: 9.7 | G21: 2 | H21: =C21*G21 -> 20.366667 | L21: =IF(C21<11,"NA",IF(C21<15,"ECA",IF(C21<18,"A",IF(C21<20,"A+")))) -> NA | O21: =D21*G21 -> 20.4 | P21: =E21*G21 -> 21.3 | Q21: =G21*F21 -> 19.4
B22: Mathématiques | C22: =(D22+F22+E22)/3 -> 10.2 | D22: 10.55 | E22: 9.35 | F22: 10.7 | G22: 4 | H22: =C22*G22 -> 40.8 | L22: =IF(C22<11,"NA",IF(C22<15,"ECA",IF(C22<18,"A",IF(C22<20,"A+")))) -> NA | O22: =D22*G22 -> 42.2 | P22: =E22*G22 -> 37.4 | Q22: =G22*F22 -> 42.8
B23: PCT | C23: =F23 -> 8 | F23: 8 | G23: 2 | H23: =C23*G23 -> 16 | L23: =IF(C23<11,"NA",IF(C23<15,"ECA",IF(C23<18,"A",IF(C23<20,"A+")))) -> NA | O23: =D23*G23 -> 0 | P23: =E23*G23 -> 0 | Q23: =G23*F23 -> 16
B24: SVTEEHB | C24: =(D24+F24+E24)/3 -> 10.593333 | D24: 7.4 | E24: 10.63 | F24: 13.75 | G24: 2 | H24: =C24*G24 -> 21.186667 | L24: =IF(C24<11,"NA",IF(C24<15,"ECA",IF(C24<18,"A",IF(C24<20,"A+")))) -> NA | O24: =D24*G24 -> 14.8 | P24: =E24*G24 -> 21.26 | Q24: =G24*F24 -> 27.5
B25: Total du GROUPE III :
B26: Moyenne du Groupe : | C26: =(SUM(H21:H24)/SUM(G21:G24)) -> 9.8353333 | G26: Rang de l’élève :
B28: EAC | C28: =(D28+F28+E28)/3 -> 14.5 | D28: 15.5 | E28: 14 | F28: 14 | G28: 1 | H28: =C28*G28 -> 14.5 | L28: =IF(C28<11,"NA",IF(C28<15,"ECA",IF(C28<18,"A",IF(C28<20,"A+")))) -> ECA | O28: =D28*G28 -> 15.5 | P28: =E28*G28 -> 14 | Q28: =G28*F28 -> 14
B29: EPS | C29: =(D29+F29+E29)/3 -> 12.783333 | D29: 12.7 | E29: 15.15 | F29: 10.5 | G29: 2 | H29: =C29*G29 -> 25.566667 | L29: =IF(C29<11,"NA",IF(C29<15,"ECA",IF(C29<18,"A",IF(C29<20,"A+")))) -> ECA | O29: =D29*G29 -> 25.4 | P29: =E29*G29 -> 30.3 | Q29: =G29*F29 -> 21
B30: ESF | C30: =(D30+F30+E30)/3 -> 12.733333 | D30: 12.5 | E30: 11.7 | F30: 14 | G30: 1 | H30: =C30*G30 -> 12.733333 | L30: =IF(C30<11,"NA",IF(C30<15,"ECA",IF(C30<18,"A",IF(C30<20,"A+")))) -> ECA | O30: =D30*G30 -> 12.5 | P30: =E30*G30 -> 11.7 | Q30: =G30*F30 -> 14
B31: Travail Manuel | C31: =(D31+F31+E31)/3 -> 15.666667 | D31: 16 | E31: 16 | F31: 15 | G31: 1 | H31: =C31*G31 -> 15.666667 | L31: =IF(C31<11,"NA",IF(C31<15,"ECA",IF(C31<18,"A",IF(C31<20,"A+")))) -> A | O31: =D31*G31 -> 16 | P31: =E31*G31 -> 16 | Q31: =G31*F31 -> 15
B32: Total du GROUPE IV : | O32: =SUM(O6:O31) -> 271.8 | P32: =SUM(P6:P31) -> 295.6275 | Q32: =SUM(Q5:Q31) -> 339.3125
B33: Moyenne du Groupe : | C33: =(SUM(H28:H31)/SUM(G28:G31)) -> 13.693333 | G33: Rang de l’élève : | O33: 26 | P33: 26 | Q33: 32
O34: =O32/O33 -> 10.453846 | P34: =P32/P33 -> 11.370288 | Q34: =Q32/Q33 -> 10.603516
B35: Total Général (GI + GII + GIII+GIV) = | C35: Moy Gle de la Classe : | F35: Moy du 1er : | I35: Moy du Dernier :
C36: TRIM 1 | D36: TRIM 2 | E36: TRIM3
B37: Moyennes de l’Elève : | C37: =O34 -> 10.453846 | D37: =P34 -> 11.370288 | E37: =Q34 -> 10.603516 | F37: Annuel : | G37: =(H5+H6+H7+H8+H9+H10+H14+H15+H16+H17+H21+H22+H23+H24+H28+H29+H30+H31)/32 -> 10.320208 | H37: /20 | I37: Rang de l’élève : | L37: /20
B39: v La moyenne Annuelle n’est pas égale à la moyenne arithmétique des trimestres
B40: DECISIONS ET OBSERVATIONS / Décisions And Observations
B41: DISCIPLINE / Disciplin | C41: Appréciation du travail de l’élève | G41: TRAVAIL / Academic Work
B42: Nb d’Heures : | C42: =IF(G37<11,"NA",IF(G37<15,"ECA",IF(G37<18,"A",IF(G37<20,"A+")))) -> NA | D42: =IF(#REF!<11,"NA",IF(#REF!<15,"ECA",IF(#REF!<18,"A",IF(#REF!<20,"A+")))) -> #REF! | F42: =IF(#REF!<11,"NA",IF(#REF!<15,"ECA",IF(#REF!<18,"A",IF(#REF!<20,"A+")))) -> #REF!
B43: Nb de jrnées : | C43: =IF(#REF!<11,"NA",IF(#REF!<15,"ECA",IF(#REF!<18,"A",IF(#REF!<20,"A+")))) -> #REF! | D43: =IF(#REF!<11,"NA",IF(#REF!<15,"ECA",IF(#REF!<18,"A",IF(#REF!<20,"A+")))) -> #REF! | F43: =IF(#REF!<11,"NA",IF(#REF!<15,"ECA",IF(#REF!<18,"A",IF(#REF!<20,"A+")))) -> #REF! | G43: Tableau d’honneur / Honour roll | K43: Observations et Visa du Principal
B44: Exclusions / Suspensions | C44: =IF(#REF!<11,"NA",IF(#REF!<15,"ECA",IF(#REF!<18,"A",IF(#REF!<20,"A+")))) -> #REF! | D44: =IF(#REF!<11,"NA",IF(#REF!<15,"ECA",IF(#REF!<18,"A",IF(#REF!<20,"A+")))) -> #REF! | F44: =IF(#REF!<11,"NA",IF(#REF!<15,"ECA",IF(#REF!<18,"A",IF(#REF!<20,"A+")))) -> #REF! | G44: Encouragements / Encouragements | K44: Observations and Signature of Principal
B45: Blâme / Blame | C45: Observations et Remarques du Professeur Principal | G45: Félicitations / Congratulations
B46: Avertissements / Warnings | G46: Décisions du Conseil de Classe | K46: Yaoundé le
B47: Observations et Remarques du parent de l’élève | K47: Le Principal

Sheet METOUWE
B4: MATIERES | C4: Annuel | D4: TRIM 1 | E4: TRIM 2 | F4: TRIM 3 | G4: Coef | H4: Moy × Coef | I4: Moy Gle Classe | K4: Rang | L4: Appréciations
B5: Allemand | C5: =F5 -> 11.5 | F5: 11.5 | G5: 2 | H5: =C5*G5 -> 23 | L5: =IF(C5<11,"NA",IF(C5<15,"ECA",IF(C5<18,"A",IF(C5<20,"A+")))) -> ECA | O5: =D5*G5 -> 0 | P5: =E5*G5 -> 0 | Q5: =G5*F5 -> 23
B6: Anglais | C6: =(D6+F6+E6)/3 -> 7.1666667 | D6: 6.8 | E6: 6.825 | F6: 7.875 | G6: 3 | H6: =C6*G6 -> 21.5 | L6: =IF(C6<11,"NA",IF(C6<15,"ECA",IF(C6<18,"A",IF(C6<20,"A+")))) -> NA | O6: =D6*G6 -> 20.4 | P6: =E6*G6 -> 20.475 | Q6: =G6*F6 -> 23.625
B7: Cor Orthographique/ Dictée | C7: =(D7+F7+E7)/3 -> 4.6 | D7: 6.3 | E7: 3.25 | F7: 4.25 | G7: 1 | H7: =C7*G7 -> 4.6 | L7: =IF(C7<11,"NA",IF(C7<15,"ECA",IF(C7<18,"A",IF(C7<20,"A+")))) -> NA | O7: =D7*G7 -> 6.3 | P7: =E7*G7 -> 3.25 | Q7: =G7*F7 -> 4.25
B8: Espagnol | C8: =F8 -> 14.25 | F8: 14.25 | G8: 2 | H8: =C8*G8 -> 28.5 | L8: =IF(C8<11,"NA",IF(C8<15,"ECA",IF(C8<18,"A",IF(C8<20,"A+")))) -> ECA | O8: =D8*G8 -> 0 | P8: =E8*G8 -> 0 | Q8: =G8*F8 -> 28.5
B9: Etude de Texte | C9: =(D9+F9+E9)/3 -> 7.8133333 | D9: 9.15 | E9: 6.79 | F9: 7.5 | G9: 2 | H9: =C9*G9 -> 15.626667 | L9: =IF(C9<11,"NA",IF(C9<15,"ECA",IF(C9<18,"A",IF(C9<20,"A+")))) -> NA | O9: =D9*G9 -> 18.3 | P9: =E9*G9 -> 13.58 | Q9: =G9*F9 -> 15
B10: Expression Ecrite | C10: =(D10+F10+E10)/3 -> 10.19 | D10: 11.4 | E10: 9.67 | F10: 9.5 | G10: 1 | H10: =C10*G10 -> 10.19 | L10: =IF(C10<11,"NA",IF(C10<15,"ECA",IF(C10<18,"A",IF(C10<20,"A+")))) -> NA | O10: =D10*G10 -> 11.4 | P10: =E10*G10 -> 9.67 | Q10: =G10*F10 -> 9.5
B11: Total du GROUPE I :
B12: Moyenne du Groupe : | C12: =(SUM(H5:H10)/SUM(G5:G10)) -> 9.4015152 | G12: Rang de l’élève :
B14: ECM | C14: =(D14+F14+E14)/3 -> 12.4 | D14: 12.4 | E14: 12.8 | F14: 12 | G14: 2 | H14: =C14*G14 -> 24.8 | L14: =IF(C14<11,"NA",IF(C14<15,"ECA",IF(C14<18,"A",IF(C14<20,"A+")))) -> ECA | O14: =D14*G14 -> 24.8 | P14: =E14*G14 -> 25.6 | Q14: =G14*F14 -> 24
B15: Géographie | C15: =(D15+F15+E15)/3 -> 11.325 | D15: 10.25 | E15: 12.475 | F15: 11.25 | G15: 1.5 | H15: =C15*G15 -> 16.9875 | L15: =IF(C15<11,"NA",IF(C15<15,"ECA",IF(C15<18,"A",IF(C15<20,"A+")))) -> ECA | O15: =D15*G15 -> 15.375 | P15: =E15*G15 -> 18.7125 | Q15: =G15*F15 -> 16.875
B16: Histoire | C16: =(D16+F16+E16)/3 -> 9.5833333 | D16: 9.725 | E16: 7.9 | F16: 11.125 | G16: 1.5 | H16: =C16*G16 -> 14.375 | L16: =IF(C16<11,"NA",IF(C16<15,"ECA",IF(C16<18,"A",IF(C16<20,"A+")))) -> NA | O16: =D16*G16 -> 14.5875 | P16: =E16*G16 -> 11.85 | Q16: =G16*F16 -> 16.6875
B17: LCN | C17: =(D17+F17+E17)/3 -> 9.1666667 | D17: 10.75 | E17: 8 | F17: 8.75 | G17: 1 | H17: =C17*G17 -> 9.1666667 | L17: =IF(C17<11,"NA",IF(C17<15,"ECA",IF(C17<18,"A",IF(C17<20,"A+")))) -> NA | O17: =D17*G17 -> 10.75 | P17: =E17*G17 -> 8 | Q17: =G17*F17 -> 8.75
B18: Total du GROUPE II :
B19: Moyenne du Groupe : | C19: =(SUM(H14:H17)/SUM(G14:G17)) -> 10.888194 | G19: Rang de l’élève :
B21: Informatique | C21: =(D21+F21+E21)/3 -> 7.2916667 | D21: 11.45 | E21: 4.175 | F21: 6.25 | G21: 2 | H21: =C21*G21 -> 14.583333 | L21: =IF(C21<11,"NA",IF(C21<15,"ECA",IF(C21<18,"A",IF(C21<20,"A+")))) -> NA | O21: =D21*G21 -> 22.9 | P21: =E21*G21 -> 8.35 | Q21: =G21*F21 -> 12.5
B22: Mathématiques | C22: =(D22+F22+E22)/3 -> 8.7616667 | D22: 7.5 | E22: 8.685 | F22: 10.1 | G22: 4 | H22: =C22*G22 -> 35.046667 | L22: =IF(C22<11,"NA",IF(C22<15,"ECA",IF(C22<18,"A",IF(C22<20,"A+")))) -> NA | O22: =D22*G22 -> 30 | P22: =E22*G22 -> 34.74 | Q22: =G22*F22 -> 40.4
B23: PCT | C23: =F23 -> 11 | F23: 11 | G23: 2 | H23: =C23*G23 -> 22 | L23: =IF(C23<11,"NA",IF(C23<15,"ECA",IF(C23<18,"A",IF(C23<20,"A+")))) -> ECA | O23: =D23*G23 -> 0 | P23: =E23*G23 -> 0 | Q23: =G23*F23 -> 22
B24: SVTEEHB | C24: =(D24+F24+E24)/3 -> 10.386667 | D24: 10.63 | E24: 9.28 | F24: 11.25 | G24: 2 | H24: =C24*G24 -> 20.773333 | L24: =IF(C24<11,"NA",IF(C24<15,"ECA",IF(C24<18,"A",IF(C24<20,"A+")))) -> NA | O24: =D24*G24 -> 21.26 | P24: =E24*G24 -> 18.56 | Q24: =G24*F24 -> 22.5
B25: Total du GROUPE III :
B26: Moyenne du Groupe : | C26: =(SUM(H21:H24)/SUM(G21:G24)) -> 9.2403333 | G26: Rang de l’élève :
B28: EAC | C28: =(D28+F28+E28)/3 -> 14 | D28: 17.5 | E28: 12.5 | F28: 12 | G28: 1 | H28: =C28*G28 -> 14 | L28: =IF(C28<11,"NA",IF(C28<15,"ECA",IF(C28<18,"A",IF(C28<20,"A+")))) -> ECA | O28: =D28*G28 -> 17.5 | P28: =E28*G28 -> 12.5 | Q28: =G28*F28 -> 12
B29: EPS | C29: =(D29+F29+E29)/3 -> 13.65 | D29: 12.95 | E29: 14 | F29: 14 | G29: 2 | H29: =C29*G29 -> 27.3 | L29: =IF(C29<11,"NA",IF(C29<15,"ECA",IF(C29<18,"A",IF(C29<20,"A+")))) -> ECA | O29: =D29*G29 -> 25.9 | P29: =E29*G29 -> 28 | Q29: =G29*F29 -> 28
B30: ESF | C30: =(D30+F30+E30)/3 -> 13.066667 | D30: 13 | E30: 12.2 | F30: 14 | G30: 1 | H30: =C30*G30 -> 13.066667 | L30: =IF(C30<11,"NA",IF(C30<15,"ECA",IF(C30<18,"A",IF(C30<20,"A+")))) -> ECA | O30: =D30*G30 -> 13 | P30: =E30*G30 -> 12.2 | Q30: =G30*F30 -> 14
B31: Travail Manuel | C31: =(D31+F31+E31)/3 -> 15.666667 | D31: 14.5 | E31: 17 | F31: 15.5 | G31: 1 | H31: =C31*G31 -> 15.666667 | L31: =IF(C31<11,"NA",IF(C31<15,"ECA",IF(C31<18,"A",IF(C31<20,"A+")))) -> A | O31: =D31*G31 -> 14.5 | P31: =E31*G31 -> 17 | Q31: =G31*F31 -> 15.5
B32: Total du GROUPE IV : | O32: =SUM(O6:O31) -> 266.9725 | P32: =SUM(P6:P31) -> 242.4875 | Q32: =SUM(Q5:Q31) -> 337.0875
B33: Moyenne du Groupe : | C33: =(SUM(H28:H31)/SUM(G28:G31)) -> 14.006667 | G33: Rang de l’élève : | O33: 26 | P33: 26 | Q33: 32
O34: =O32/O33 -> 10.268173 | P34: =P32/P33 -> 9.3264423 | Q34: =Q32/Q33 -> 10.533984
B35: Total Général (GI + GII + GIII+GIV) = | C35: Moy Gle de la Classe : | F35: Moy du 1er : | I35: Moy du Dernier :
C36: TRIM 1 | D36: TRIM 2 | E36: TRIM3
B37: Moyennes de l’Elève : | C37: =O34 -> 10.268173 | D37: =P34 -> 9.3264423 | E37: =Q34 -> 10.533984 | F37: Annuel : | G37: =(H5+H6+H7+H8+H9+H10+H14+H15+H16+H17+H21+H22+H23+H24+H28+H29+H30+H31)/32 -> 10.349453 | H37: /20 | I37: Rang de l’élève : | L37: /20
B39: v La moyenne Annuelle n’est pas égale à la moyenne arithmétique des trimestres
B40: DECISIONS ET OBSERVATIONS / Décisions And Observations
B41: DISCIPLINE / Disciplin | C41: Appréciation du travail de l’élève | G41: TRAVAIL / Academic Work
B42: Nb d’Heures : | C42: =IF(G37<11,"NA",IF(G37<15,"ECA",IF(G37<18,"A",IF(G37<20,"A+")))) -> NA | D42: =IF(#REF!<11,"NA",IF(#REF!<15,"ECA",IF(#REF!<18,"A",IF(#REF!<20,"A+")))) -> #REF! | F42: =IF(#REF!<11,"NA",IF(#REF!<15,"ECA",IF(#REF!<18,"A",IF(#REF!<20,"A+")))) -> #REF!
B43: Nb de jrnées : | C43: =IF(#REF!<11,"NA",IF(#REF!<15,"ECA",IF(#REF!<18,"A",IF(#REF!<20,"A+")))) -> #REF! | D43: =IF(#REF!<11,"NA",IF(#REF!<15,"ECA",IF(#REF!<18,"A",IF(#REF!<20,"A+")))) -> #REF! | F43: =IF(#REF!<11,"NA",IF(#REF!<15,"ECA",IF(#REF!<18,"A",IF(#REF!<20,"A+")))) -> #REF! | G43: Tableau d’honneur / Honour roll | K43: Observations et Visa du Principal
B44: Exclusions / Suspensions | C44: =IF(#REF!<11,"NA",IF(#REF!<15,"ECA",IF(#REF!<18,"A",IF(#REF!<20,"A+")))) -> #REF! | D44: =IF(#REF!<11,"NA",IF(#REF!<15,"ECA",IF(#REF!<18,"A",IF(#REF!<20,"A+")))) -> #REF! | F44: =IF(#REF!<11,"NA",IF(#REF!<15,"ECA",IF(#REF!<18,"A",IF(#REF!<20,"A+")))) -> #REF! | G44: Encouragements / Encouragements | K44: Observations and Signature of Principal
B45: Blâme / Blame | C45: Observations et Remarques du Professeur Principal | G45: Félicitations / Congratulations
B46: Avertissements / Warnings | G46: Décisions du Conseil de Classe | K46: Yaoundé le
B47: Observations et Remarques du parent de l’élève | K47: Le Principal

Sheet MOUKO
B4: MATIERES | C4: Annuel | D4: TRIM 1 | E4: TRIM 2 | F4: TRIM 3 | G4: Coef | H4: Moy × Coef | I4: Moy Gle Classe | K4: Rang | L4: Appréciations
B5: Allemand | C5: =F5 -> 19 | F5: 19 | G5: 2 | H5: =C5*G5 -> 38 | L5: =IF(C5<11,"NA",IF(C5<15,"ECA",IF(C5<18,"A",IF(C5<20,"A+")))) -> A+ | O5: =D5*G5 -> 0 | P5: =E5*G5 -> 0 | Q5: =G5*F5 -> 38
B6: Anglais | C6: =(D6+F6+E6)/3 -> 11.441667 | D6: 10.925 | E6: 10.8 | F6: 12.6 | G6: 3 | H6: =C6*G6 -> 34.325 | L6: =IF(C6<11,"NA",IF(C6<15,"ECA",IF(C6<18,"A",IF(C6<20,"A+")))) -> ECA | O6: =D6*G6 -> 32.775 | P6: =E6*G6 -> 32.4 | Q6: =G6*F6 -> 37.8
B7: Cor Orthographique/ Dictée | C7: =(D7+F7+E7)/3 -> 13.546667 | D7: 13.2 | E7: 12.965 | F7: 14.475 | G7: 1 | H7: =C7*G7 -> 13.546667 | L7: =IF(C7<11,"NA",IF(C7<15,"ECA",IF(C7<18,"A",IF(C7<20,"A+")))) -> ECA | O7: =D7*G7 -> 13.2 | P7: =E7*G7 -> 12.965 | Q7: =G7*F7 -> 14.475
B8: Espagnol | C8: =F8 -> 17.5 | F8: 17.5 | G8: 2 | H8: =C8*G8 -> 35 | L8: =IF(C8<11,"NA",IF(C8<15,"ECA",IF(C8<18,"A",IF(C8<20,"A+")))) -> A | O8: =D8*G8 -> 0 | P8: =E8*G8 -> 0 | Q8: =G8*F8 -> 35
B9: Etude de Texte | C9: =(D9+F9+E9)/3 -> 9.6333333 | D9: 11.6 | E9: 10.7 | F9: 6.6 | G9: 2 | H9: =C9*G9 -> 19.266667 | L9: =IF(C9<11,"NA",IF(C9<15,"ECA",IF(C9<18,"A",IF(C9<20,"A+")))) -> NA | O9: =D9*G9 -> 23.2 | P9: =E9*G9 -> 21.4 | Q9: =G9*F9 -> 13.2
B10: Expression Ecrite | C10: =(D10+F10+E10)/3 -> 11.173333 | D10: 11 | E10: 12.07 | F10: 10.45 | G10: 1 | H10: =C10*G10 -> 11.173333 | L10: =IF(C10<11,"NA",IF(C10<15,"ECA",IF(C10<18,"A",IF(C10<20,"A+")))) -> ECA | O10: =D10*G10 -> 11 | P10: =E10*G10 -> 12.07 | Q10: =G10*F10 -> 10.45
B11: Total du GROUPE I :
B12: Moyenne du Groupe : | C12: =(SUM(H5:H10)/SUM(G5:G10)) -> 13.755606 | G12: Rang de l’élève :
B14: ECM | C14: =(D14+F14+E14)/3 -> 13.983333 | D14: 14.45 | E14: 12.5 | F14: 15 | G14: 2 | H14: =C14*G14 -> 27.966667 | L14: =IF(C14<11,"NA",IF(C14<15,"ECA",IF(C14<18,"A",IF(C14<20,"A+")))) -> ECA | O14: =D14*G14 -> 28.9 | P14: =E14*G14 -> 25 | Q14: =G14*F14 -> 30
B15: Géographie | C15: =(D15+F15+E15)/3 -> 12.9 | D15: 12.2 | E15: 14.45 | F15: 12.05 | G15: 1.5 | H15: =C15*G15 -> 19.35 | L15: =IF(C15<11,"NA",IF(C15<15,"ECA",IF(C15<18,"A",IF(C15<20,"A+")))) -> ECA | O15: =D15*G15 -> 18.3 | P15: =E15*G15 -> 21.675 | Q15: =G15*F15 -> 18.075
B16: Histoire | C16: =(D16+F16+E16)/3 -> 12.741667 | D16: 11.375 | E16: 14.1 | F16: 12.75 | G16: 1.5 | H16: =C16*G16 -> 19.1125 | L16: =IF(C16<11,"NA",IF(C16<15,"ECA",IF(C16<18,"A",IF(C16<20,"A+")))) -> ECA | O16: =D16*G16 -> 17.0625 | P16: =E16*G16 -> 21.15 | Q16: =G16*F16 -> 19.125
B17: LCN | C17: =(D17+F17+E17)/3 -> 13.691667 | D17: 14.325 | E17: 12.5 | F17: 14.25 | G17: 1 | H17: =C17*G17 -> 13.691667 | L17: =IF(C17<11,"NA",IF(C17<15,"ECA",IF(C17<18,"A",IF(C17<20,"A+")))) -> ECA | O17: =D17*G17 -> 14.325 | P17: =E17*G17 -> 12.5 | Q17: =G17*F17 -> 14.25
B18: Total du GROUPE II :
B19: Moyenne du Groupe : | C19: =(SUM(H14:H17)/SUM(G14:G17)) -> 13.353472 | G19: Rang de l’élève :
B21: Informatique | C21: =(D21+F21+E21)/3 -> 11.433333 | D21: 12.35 | E21: 11 | F21: 10.95 | G21: 2 | H21: =C21*G21 -> 22.866667 | L21: =IF(C21<11,"NA",IF(C21<15,"ECA",IF(C21<18,"A",IF(C21<20,"A+")))) -> ECA | O21: =D21*G21 -> 24.7 | P21: =E21*G21 -> 22 | Q21: =G21*F21 -> 21.9
B22: Mathématiques | C22: =(D22+F22+E22)/3 -> 11.178333 | D22: 10.1 | E22: 11.035 | F22: 12.4 | G22: 4 | H22: =C22*G22 -> 44.713333 | L22: =IF(C22<11,"NA",IF(C22<15,"ECA",IF(C22<18,"A",IF(C22<20,"A+")))) -> ECA | O22: =D22*G22 -> 40.4 | P22: =E22*G22 -> 44.14 | Q22: =G22*F22 -> 49.6
B23: PCT | C23: =F23 -> 15.5 | F23: 15.5 | G23: 2 | H23: =C23*G23 -> 31 | L23: =IF(C23<11,"NA",IF(C23<15,"ECA",IF(C23<18,"A",IF(C23<20,"A+")))) -> A | O23: =D23*G23 -> 0 | P23: =E23*G23 -> 0 | Q23: =G23*F23 -> 31
B24: SVTEEHB | C24: =(D24+F24+E24)/3 -> 13.25 | D24: 13.65 | E24: 11.6 | F24: 14.5 | G24: 2 | H24: =C24*G24 -> 26.5 | L24: =IF(C24<11,"NA",IF(C24<15,"ECA",IF(C24<18,"A",IF(C24<20,"A+")))) -> ECA | O24: =D24*G24 -> 27.3 | P24: =E24*G24 -> 23.2 | Q24: =G24*F24 -> 29
B25: Total du GROUPE III :
B26: Moyenne du Groupe : | C26: =(SUM(H21:H24)/SUM(G21:G24)) -> 12.508 | G26: Rang de l’élève :
B28: EAC | C28: =(D28+F28+E28)/3 -> 17.5 | D28: 19 | E28: 16.5 | F28: 17 | G28: 1 | H28: =C28*G28 -> 17.5 | L28: =IF(C28<11,"NA",IF(C28<15,"ECA",IF(C28<18,"A",IF(C28<20,"A+")))) -> A | O28: =D28*G28 -> 19 | P28: =E28*G28 -> 16.5 | Q28: =G28*F28 -> 17
B29: EPS | C29: =(D29+F29+E29)/3 -> 15.583333 | D29: 14.8 | E29: 16.65 | F29: 15.3 | G29: 2 | H29: =C29*G29 -> 31.166667 | L29: =IF(C29<11,"NA",IF(C29<15,"ECA",IF(C29<18,"A",IF(C29<20,"A+")))) -> A | O29: =D29*G29 -> 29.6 | P29: =E29*G29 -> 33.3 | Q29: =G29*F29 -> 30.6
B30: ESF | C30: =(D30+F30+E30)/3 -> 13.6 | D30: 13.5 | E30: 13.3 | F30: 14 | G30: 1 | H30: =C30*G30 -> 13.6 | L30: =IF(C30<11,"NA",IF(C30<15,"ECA",IF(C30<18,"A",IF(C30<20,"A+")))) -> ECA | O30: =D30*G30 -> 13.5 | P30: =E30*G30 -> 13.3 | Q30: =G30*F30 -> 14
B31: Travail Manuel | C31: =(D31+F31+E31)/3 -> 14.5 | D31: 13 | E31: 16 | F31: 14.5 | G31: 1 | H31: =C31*G31 -> 14.5 | L31: =IF(C31<11,"NA",IF(C31<15,"ECA",IF(C31<18,"A",IF(C31<20,"A+")))) -> ECA | O31: =D31*G31 -> 13 | P31: =E31*G31 -> 16 | Q31: =G31*F31 -> 14.5
B32: Total du GROUPE IV : | O32: =SUM(O6:O31) -> 326.2625 | P32: =SUM(P6:P31) -> 327.6 | Q32: =SUM(Q5:Q31) -> 437.975
B33: Moyenne du Groupe : | C33: =(SUM(H28:H31)/SUM(G28:G31)) -> 15.353333 | G33: Rang de l’élève : | O33: 26 | P33: 26 | Q33: 32
O34: =O32/O33 -> 12.548558 | P34: =P32/P33 -> 12.6 | Q34: =Q32/Q33 -> 13.686719
B35: Total Général (GI + GII + GIII+GIV) = | C35: Moy Gle de la Classe : | F35: Moy du 1er : | I35: Moy du Dernier :
C36: TRIM 1 | D36: TRIM 2 | E36: TRIM3
B37: Moyennes de l’Elève : | C37: =O34 -> 12.548558 | D37: =P34 -> 12.6 | E37: =Q34 -> 13.686719 | F37: Annuel : | G37: =(H5+H6+H7+H8+H9+H10+H14+H15+H16+H17+H21+H22+H23+H24+H28+H29+H30+H31)/32 -> 13.539974 | H37: /20 | I37: Rang de l’élève : | L37: /20
B39: v La moyenne Annuelle n’est pas égale à la moyenne arithmétique des trimestres
B40: DECISIONS ET OBSERVATIONS / Décisions And Observations
B41: DISCIPLINE / Disciplin | C41: Appréciation du travail de l’élève | G41: TRAVAIL / Academic Work
B42: Nb d’Heures : | C42: =IF(G37<11,"NA",IF(G37<15,"ECA",IF(G37<18,"A",IF(G37<20,"A+")))) -> ECA | D42: =IF(#REF!<11,"NA",IF(#REF!<15,"ECA",IF(#REF!<18,"A",IF(#REF!<20,"A+")))) -> #REF! | F42: =IF(#REF!<11,"NA",IF(#REF!<15,"ECA",IF(#REF!<18,"A",IF(#REF!<20,"A+")))) -> #REF!
B43: Nb de jrnées : | C43: =IF(#REF!<11,"NA",IF(#REF!<15,"ECA",IF(#REF!<18,"A",IF(#REF!<20,"A+")))) -> #REF! | D43: =IF(#REF!<11,"NA",IF(#REF!<15,"ECA",IF(#REF!<18,"A",IF(#REF!<20,"A+")))) -> #REF! | F43: =IF(#REF!<11,"NA",IF(#REF!<15,"ECA",IF(#REF!<18,"A",IF(#REF!<20,"A+")))) -> #REF! | G43: Tableau d’honneur / Honour roll | K43: Observations et Visa du Principal
B44: Exclusions / Suspensions | C44: =IF(#REF!<11,"NA",IF(#REF!<15,"ECA",IF(#REF!<18,"A",IF(#REF!<20,"A+")))) -> #REF! | D44: =IF(#REF!<11,"NA",IF(#REF!<15,"ECA",IF(#REF!<18,"A",IF(#REF!<20,"A+")))) -> #REF! | F44: =IF(#REF!<11,"NA",IF(#REF!<15,"ECA",IF(#REF!<18,"A",IF(#REF!<20,"A+")))) -> #REF! | G44: Encouragements / Encouragements | K44: Observations and Signature of Principal
B45: Blâme / Blame | C45: Observations et Remarques du Professeur Principal | G45: Félicitations / Congratulations
B46: Avertissements / Warnings | G46: Décisions du Conseil de Classe | K46: Yaoundé le
B47: Observations et Remarques du parent de l’élève | K47: Le Principal

Sheet NGO BAHEEG
B4: MATIERES | C4: TRIM 1 | D4: SEQ 1 | E4: SEQ 2 | F4: Coef | G4: Moy × Coef | H4: Moy Gle Classe | J4: Rang | K4: Appréciations
B5: Anglais | C5: =(D5+E5)/2 -> 5.3 | D5: 6 | E5: 4.6 | F5: 3 | G5: =C5*F5 -> 15.9 | H5: =+AMAN!I6 -> 0 | K5: =IF(C5<11,"NA",IF(C5<15,"ECA",IF(C5<18,"A",IF(C5<20,"A+")))) -> NA | N5: =D5*F5 -> 18 | O5: =E5*F5 -> 13.8
B6: Cor Orthographique/ Dictée | C6: =(D6+E6)/2 -> 2.9 | D6: 3 | E6: 2.8 | F6: 1 | G6: =C6*F6 -> 2.9 | H6: =+AMAN!I7 -> 0 | K6: =IF(C6<11,"NA",IF(C6<15,"ECA",IF(C6<18,"A",IF(C6<20,"A+")))) -> NA | N6: =D6*F6 -> 3 | O6: =E6*F6 -> 2.8
B7: Etude de Texte | C7: =(D7+E7)/2 -> 6.7 | D7: 8.3 | E7: 5.1 | F7: 2 | G7: =C7*F7 -> 13.4 | H7: =+AMAN!I9 -> 0 | K7: =IF(C7<11,"NA",IF(C7<15,"ECA",IF(C7<18,"A",IF(C7<20,"A+")))) -> NA | N7: =D7*F7 -> 16.6 | O7: =E7*F7 -> 10.2
B8: Expression Ecrite | C8: =(D8+E8)/2 -> 5.8 | D8: 6.8 | E8: 4.8 | F8: 1 | G8: =C8*F8 -> 5.8 | H8: =+AMAN!I10 -> 0 | K8: =IF(C8<11,"NA",IF(C8<15,"ECA",IF(C8<18,"A",IF(C8<20,"A+")))) -> NA | N8: =D8*F8 -> 6.8 | O8: =E8*F8 -> 4.8
B9: Langue Vivante II | C9: =(D9+E9)/2 -> 11.65 | D9: 11.1 | E9: 12.2 | F9: 2 | G9: =C9*F9 -> 23.3 | H9: =+AMAN!#REF! -> #REF! | K9: =IF(C9<11,"NA",IF(C9<15,"ECA",IF(C9<18,"A",IF(C9<20,"A+")))) -> ECA | N9: =D9*F9 -> 22.2 | O9: =E9*F9 -> 24.4
B10: Total du GROUPE I :
B11: Moyenne du Groupe : | C11: =(SUM(G5:G9)/SUM(F5:F9)) -> 6.8111111 | F11: Rang de l’élève :
B13: ECM | C13: =(D13+E13)/2 -> 9.925 | D13: 10.05 | E13: 9.8 | F13: 1 | G13: =C13*F13 -> 9.925 | H13: =+AMAN!I14 -> 0 | K13: =IF(C13<11,"NA",IF(C13<15,"ECA",IF(C13<18,"A",IF(C13<20,"A+")))) -> NA | N13: =D13*F13 -> 10.05 | O13: =E13*F13 -> 9.8
B14: Géographie | C14: =(D14+E14)/2 -> 6.125 | D14: 4.5 | E14: 7.75 | F14: 1.5 | G14: =C14*F14 -> 9.1875 | H14: =+AMAN!I15 -> 0 | K14: =IF(C14<11,"NA",IF(C14<15,"ECA",IF(C14<18,"A",IF(C14<20,"A+")))) -> NA | N14: =D14*F14 -> 6.75 | O14: =E14*F14 -> 11.625
B15: Histoire | C15: =(D15+E15)/2 -> 6.35 | D15: 6.2 | E15: 6.5 | F15: 1.5 | G15: =C15*F15 -> 9.525 | H15: =+AMAN!I16 -> 0 | K15: =IF(C15<11,"NA",IF(C15<15,"ECA",IF(C15<18,"A",IF(C15<20,"A+")))) -> NA | N15: =D15*F15 -> 9.3 | O15: =E15*F15 -> 9.75
B16: LCN | C16: =(D16+E16)/2 -> 9.75 | D16: 7.5 | E16: 12 | F16: 1 | G16: =C16*F16 -> 9.75 | H16: =+AMAN!I17 -> 0 | K16: =IF(C16<11,"NA",IF(C16<15,"ECA",IF(C16<18,"A",IF(C16<20,"A+")))) -> NA | N16: =D16*F16 -> 7.5 | O16: =E16*F16 -> 12
B17: Total du GROUPE II :
B18: Moyenne du Groupe : | C18: =(SUM(G13:G16)/SUM(F13:F16)) -> 7.6775 | F18: Rang de l’élève :
B20: Informatique | C20: =(D20+E20)/2 -> 7.85 | D20: 8.25 | E20: 7.45 | F20: 2 | G20: =C20*F20 -> 15.7 | H20: =+AMAN!I21 -> 0 | K20: =IF(C20<11,"NA",IF(C20<15,"ECA",IF(C20<18,"A",IF(C20<20,"A+")))) -> NA | N20: =D20*F20 -> 16.5 | O20: =E20*F20 -> 14.9
B21: Mathématiques | C21: =(D21+E21)/2 -> 3.475 | D21: 3.55 | E21: 3.4 | F21: 4 | G21: =C21*F21 -> 13.9 | H21: =+AMAN!I22 -> 0 | K21: =IF(C21<11,"NA",IF(C21<15,"ECA",IF(C21<18,"A",IF(C21<20,"A+")))) -> NA | N21: =D21*F21 -> 14.2 | O21: =E21*F21 -> 13.6
B22: PCT | C22: =(D22+E22)/2 -> 5.375 | D22: 5.8 | E22: 4.95 | F22: 2 | G22: =C22*F22 -> 10.75 | H22: =+AMAN!I23 -> 0 | K22: =IF(C22<11,"NA",IF(C22<15,"ECA",IF(C22<18,"A",IF(C22<20,"A+")))) -> NA | N22: =D22*F22 -> 11.6 | O22: =E22*F22 -> 9.9
B23: SVTEEHB | C23: =(D23+E23)/2 -> 8.15 | D23: 8.5 | E23: 7.8 | F23: 2 | G23: =C23*F23 -> 16.3 | H23: =+AMAN!I24 -> 0 | K23: =IF(C23<11,"NA",IF(C23<15,"ECA",IF(C23<18,"A",IF(C23<20,"A+")))) -> NA | N23: =D23*F23 -> 17 | O23: =E23*F23 -> 15.6
B24: Total du GROUPE III :
B25: Moyenne du Groupe : | C25: =(SUM(G20:G23)/SUM(F20:F23)) -> 5.665 | F25: Rang de l’élève :
B27: EAC | C27: =(D27+E27)/2 -> 12.5 | D27: 13 | E27: 12 | F27: 1 | G27: =C27*F27 -> 12.5 | H27: =+AMAN!I28 -> 0 | K27: =IF(C27<11,"NA",IF(C27<15,"ECA",IF(C27<18,"A",IF(C27<20,"A+")))) -> ECA | N27: =D27*F27 -> 13 | O27: =E27*F27 -> 12
B28: EPS | C28: =(D28+E28)/2 -> 12.25 | D28: 12.5 | E28: 12 | F28: 2 | G28: =C28*F28 -> 24.5 | H28: =+AMAN!I29 -> 0 | K28: =IF(C28<11,"NA",IF(C28<15,"ECA",IF(C28<18,"A",IF(C28<20,"A+")))) -> ECA | N28: =D28*F28 -> 25 | O28: =E28*F28 -> 24
B29: ESF | C29: =(D29+E29)/2 -> 11 | D29: 12 | E29: 10 | F29: 1 | G29: =C29*F29 -> 11 | H29: =+AMAN!I30 -> 0 | K29: =IF(C29<11,"NA",IF(C29<15,"ECA",IF(C29<18,"A",IF(C29<20,"A+")))) -> ECA | N29: =D29*F29 -> 12 | O29: =E29*F29 -> 10
B30: Travail Manuel | C30: =(D30+E30)/2 -> 14 | D30: 12 | E30: 16 | F30: 1 | G30: =C30*F30 -> 14 | H30: =+AMAN!I31 -> 0 | K30: =IF(C30<11,"NA",IF(C30<15,"ECA",IF(C30<18,"A",IF(C30<20,"A+")))) -> ECA | N30: =D30*F30 -> 12 | O30: =E30*F30 -> 16
B31: Total du GROUPE IV : | N31: =SUM(N5:N30) -> 221.5 | O31: =SUM(O5:O30) -> 215.175
B32: Moyenne du Groupe : | C32: =(SUM(G27:G30)/SUM(F27:F30)) -> 12.4 | F32: Rang de l’élève : | N32: 29 | O32: 29
N33: =N31/N32 -> 7.637931 | O33: =O31/O32 -> 7.4198276
B34: Total Général (GI + GII + GIII+GIV) = | C34: Moy Gle de la Classe : | D34: 8.59 | E34: Moy du 1er : | F34: 10.41 | H34: Moy du Dernier : | I34: 7.21
C35: SEQ 1 | D35: SEQ 2
B36: Moyennes de l’Elève : | C36: =N33 -> 7.637931 | D36: =O33 -> 7.4198276 | E36: Trimestre 1 : | F36: =(G5+G6+G7+G8+G9+G13+G14+G15+G20+G16+G21+G22+G23+G27+G28+G29+G30)/29 -> 7.5288793 | G36: /20 | H36: Rang de l’élève : | K36: /20
B38: v La moyenne Trimestrielle n’est pas égale à la moyenne arithmétique des séquences
B39: DECISIONS ET OBSERVATIONS / Décisions And Observations
B40: DISCIPLINE / Disciplin | C40: Appréciation du travail de l’élève | F40: TRAVAIL / Academic Work
B41: Nb d’Heures : | C41: =IF(F36<11,"NA",IF(F36<15,"ECA",IF(F36<18,"A",IF(F36<20,"A+")))) -> NA | D41: =IF(#REF!<11,"NA",IF(#REF!<15,"ECA",IF(#REF!<18,"A",IF(#REF!<20,"A+")))) -> #REF! | E41: =IF(#REF!<11,"NA",IF(#REF!<15,"ECA",IF(#REF!<18,"A",IF(#REF!<20,"A+")))) -> #REF!
B42: Nb de jrnées : | C42: =IF(#REF!<11,"NA",IF(#REF!<15,"ECA",IF(#REF!<18,"A",IF(#REF!<20,"A+")))) -> #REF! | D42: =IF(#REF!<11,"NA",IF(#REF!<15,"ECA",IF(#REF!<18,"A",IF(#REF!<20,"A+")))) -> #REF! | E42: =IF(#REF!<11,"NA",IF(#REF!<15,"ECA",IF(#REF!<18,"A",IF(#REF!<20,"A+")))) -> #REF! | F42: Tableau d’honneur / Honour roll | J42: Observations et Visa du Principal
B43: Exclusions / Suspensions | C43: =IF(#REF!<11,"NA",IF(#REF!<15,"ECA",IF(#REF!<18,"A",IF(#REF!<20,"A+")))) -> #REF! | D43: =IF(#REF!<11,"NA",IF(#REF!<15,"ECA",IF(#REF!<18,"A",IF(#REF!<20,"A+")))) -> #REF! | E43: =IF(#REF!<11,"NA",IF(#REF!<15,"ECA",IF(#REF!<18,"A",IF(#REF!<20,"A+")))) -> #REF! | F43: Encouragements / Encouragements | J43: Observations and Signature of Principal
B44: Blâme / Blame | C44: Observations et Remarques du Professeur Principal | F44: Félicitations / Congratulations
B45: Avertissements / Warnings | F45: Décisions du Conseil de Classe | J45: Yaoundé le
B46: Observations et Remarques du parent de l’élève | J46: Le Principal

Sheet NGO HOHI
B4: MATIERES | C4: TRIM 1 | D4: SEQ 1 | E4: SEQ 2 | F4: Coef | G4: Moy × Coef | H4: Moy Gle Classe | J4: Rang | K4: Appréciations
B5: Anglais | C5: =(D5+E5)/2 -> 6.5 | D5: 7 | E5: 6 | F5: 3 | G5: =C5*F5 -> 19.5 | H5: =+AMAN!I6 -> 0 | K5: =IF(C5<11,"NA",IF(C5<15,"ECA",IF(C5<18,"A",IF(C5<20,"A+")))) -> NA | N5: =D5*F5 -> 21 | O5: =E5*F5 -> 18
B6: Cor Orthographique/ Dictée | C6: =(D6+E6)/2 -> 2.35 | D6: 3 | E6: 1.7 | F6: 1 | G6: =C6*F6 -> 2.35 | H6: =+AMAN!I7 -> 0 | K6: =IF(C6<11,"NA",IF(C6<15,"ECA",IF(C6<18,"A",IF(C6<20,"A+")))) -> NA | N6: =D6*F6 -> 3 | O6: =E6*F6 -> 1.7
B7: Etude de Texte | C7: =(D7+E7)/2 -> 7.8 | D7: 6.2 | E7: 9.4 | F7: 2 | G7: =C7*F7 -> 15.6 | H7: =+AMAN!I9 -> 0 | K7: =IF(C7<11,"NA",IF(C7<15,"ECA",IF(C7<18,"A",IF(C7<20,"A+")))) -> NA | N7: =D7*F7 -> 12.4 | O7: =E7*F7 -> 18.8
B8: Expression Ecrite | C8: =(D8+E8)/2 -> 9.135 | D8: 10.67 | E8: 7.6 | F8: 1 | G8: =C8*F8 -> 9.135 | H8: =+AMAN!I10 -> 0 | K8: =IF(C8<11,"NA",IF(C8<15,"ECA",IF(C8<18,"A",IF(C8<20,"A+")))) -> NA | N8: =D8*F8 -> 10.67 | O8: =E8*F8 -> 7.6
B9: Langue Vivante II | C9: =(D9+E9)/2 -> 6.725 | D9: 7 | E9: 6.45 | F9: 2 | G9: =C9*F9 -> 13.45 | H9: =+AMAN!#REF! -> #REF! | K9: =IF(C9<11,"NA",IF(C9<15,"ECA",IF(C9<18,"A",IF(C9<20,"A+")))) -> NA | N9: =D9*F9 -> 14 | O9: =E9*F9 -> 12.9
B10: Total du GROUPE I :
B11: Moyenne du Groupe : | C11: =(SUM(G5:G9)/SUM(F5:F9)) -> 6.6705556 | F11: Rang de l’élève :
B13: ECM | C13: =(D13+E13)/2 -> 11.95 | D13: 11.95 | E13: 11.95 | F13: 1 | G13: =C13*F13 -> 11.95 | H13: =+AMAN!I14 -> 0 | K13: =IF(C13<11,"NA",IF(C13<15,"ECA",IF(C13<18,"A",IF(C13<20,"A+")))) -> ECA | N13: =D13*F13 -> 11.95 | O13: =E13*F13 -> 11.95
B14: Géographie | C14: =(D14+E14)/2 -> 11.125 | D14: 12.25 | E14: 10 | F14: 1.5 | G14: =C14*F14 -> 16.6875 | H14: =+AMAN!I15 -> 0 | K14: =IF(C14<11,"NA",IF(C14<15,"ECA",IF(C14<18,"A",IF(C14<20,"A+")))) -> ECA | N14: =D14*F14 -> 18.375 | O14: =E14*F14 -> 15
B15: Histoire | C15: =(D15+E15)/2 -> 7.75 | D15: 8 | E15: 7.5 | F15: 1.5 | G15: =C15*F15 -> 11.625 | H15: =+AMAN!I16 -> 0 | K15: =IF(C15<11,"NA",IF(C15<15,"ECA",IF(C15<18,"A",IF(C15<20,"A+")))) -> NA | N15: =D15*F15 -> 12 | O15: =E15*F15 -> 11.25
B16: LCN | C16: =(D16+E16)/2 -> 9.75 | D16: 8.5 | E16: 11 | F16: 1 | G16: =C16*F16 -> 9.75 | H16: =+AMAN!I17 -> 0 | K16: =IF(C16<11,"NA",IF(C16<15,"ECA",IF(C16<18,"A",IF(C16<20,"A+")))) -> NA | N16: =D16*F16 -> 8.5 | O16: =E16*F16 -> 11
B17: Total du GROUPE II :
B18: Moyenne du Groupe : | C18: =(SUM(G13:G16)/SUM(F13:F16)) -> 10.0025 | F18: Rang de l’élève :
B20: Informatique | C20: =(D20+E20)/2 -> 12.8 | D20: 13.15 | E20: 12.45 | F20: 2 | G20: =C20*F20 -> 25.6 | H20: =+AMAN!I21 -> 0 | K20: =IF(C20<11,"NA",IF(C20<15,"ECA",IF(C20<18,"A",IF(C20<20,"A+")))) -> ECA | N20: =D20*F20 -> 26.3 | O20: =E20*F20 -> 24.9
B21: Mathématiques | C21: =(D21+E21)/2 -> 9.025 | D21: 10.03 | E21: 8.02 | F21: 4 | G21: =C21*F21 -> 36.1 | H21: =+AMAN!I22 -> 0 | K21: =IF(C21<11,"NA",IF(C21<15,"ECA",IF(C21<18,"A",IF(C21<20,"A+")))) -> NA | N21: =D21*F21 -> 40.12 | O21: =E21*F21 -> 32.08
B22: PCT | C22: =(D22+E22)/2 -> 9.475 | D22: 10.8 | E22: 8.15 | F22: 2 | G22: =C22*F22 -> 18.95 | H22: =+AMAN!I23 -> 0 | K22: =IF(C22<11,"NA",IF(C22<15,"ECA",IF(C22<18,"A",IF(C22<20,"A+")))) -> NA | N22: =D22*F22 -> 21.6 | O22: =E22*F22 -> 16.3
B23: SVTEEHB | C23: =(D23+E23)/2 -> 11.55 | D23: 12.95 | E23: 10.15 | F23: 2 | G23: =C23*F23 -> 23.1 | H23: =+AMAN!I24 -> 0 | K23: =IF(C23<11,"NA",IF(C23<15,"ECA",IF(C23<18,"A",IF(C23<20,"A+")))) -> ECA | N23: =D23*F23 -> 25.9 | O23: =E23*F23 -> 20.3
B24: Total du GROUPE III :
B25: Moyenne du Groupe : | C25: =(SUM(G20:G23)/SUM(F20:F23)) -> 10.375 | F25: Rang de l’élève :
B27: EAC | C27: =(D27+E27)/2 -> 14 | D27: 14 | E27: 14 | F27: 1 | G27: =C27*F27 -> 14 | H27: =+AMAN!I28 -> 0 | K27: =IF(C27<11,"NA",IF(C27<15,"ECA",IF(C27<18,"A",IF(C27<20,"A+")))) -> ECA | N27: =D27*F27 -> 14 | O27: =E27*F27 -> 14
B28: EPS | C28: =(D28+E28)/2 -> 14.75 | D28: 15.5 | E28: 14 | F28: 2 | G28: =C28*F28 -> 29.5 | H28: =+AMAN!I29 -> 0 | K28: =IF(C28<11,"NA",IF(C28<15,"ECA",IF(C28<18,"A",IF(C28<20,"A+")))) -> ECA | N28: =D28*F28 -> 31 | O28: =E28*F28 -> 28
B29: ESF | C29: =(D29+E29)/2 -> 13.5 | D29: 15 | E29: 12 | F29: 1 | G29: =C29*F29 -> 13.5 | H29: =+AMAN!I30 -> 0 | K29: =IF(C29<11,"NA",IF(C29<15,"ECA",IF(C29<18,"A",IF(C29<20,"A+")))) -> ECA | N29: =D29*F29 -> 15 | O29: =E29*F29 -> 12
B30: Travail Manuel | C30: =(D30+E30)/2 -> 14.5 | D30: 13 | E30: 16 | F30: 1 | G30: =C30*F30 -> 14.5 | H30: =+AMAN!I31 -> 0 | K30: =IF(C30<11,"NA",IF(C30<15,"ECA",IF(C30<18,"A",IF(C30<20,"A+")))) -> ECA | N30: =D30*F30 -> 13 | O30: =E30*F30 -> 16
B31: Total du GROUPE IV : | N31: =SUM(N5:N30) -> 298.815 | O31: =SUM(O5:O30) -> 271.78
B32: Moyenne du Groupe : | C32: =(SUM(G27:G30)/SUM(F27:F30)) -> 14.3 | F32: Rang de l’élève : | N32: 29 | O32: 29
N33: =N31/N32 -> 10.303966 | O33: =O31/O32 -> 9.3717241
B34: Total Général (GI + GII + GIII+GIV) = | C34: Moy Gle de la Classe : | D34: 8.59 | E34: Moy du 1er : | F34: 10.41 | H34: Moy du Dernier : | I34: 7.21
C35: SEQ 1 | D35: SEQ 2
B36: Moyennes de l’Elève : | C36: =N33 -> 10.303966 | D36: =O33 -> 9.3717241 | E36: Trimestre 1 : | F36: =(G5+G6+G7+G8+G9+G13+G14+G15+G20+G16+G21+G22+G23+G27+G28+G29+G30)/29 -> 9.8378448 | G36: /20 | H36: Rang de l’élève : | K36: /20
B38: v La moyenne Trimestrielle n’est pas égale à la moyenne arithmétique des séquences
B39: DECISIONS ET OBSERVATIONS / Décisions And Observations
B40: DISCIPLINE / Disciplin | C40: Appréciation du travail de l’élève | F40: TRAVAIL / Academic Work
B41: Nb d’Heures : | C41: =IF(F36<11,"NA",IF(F36<15,"ECA",IF(F36<18,"A",IF(F36<20,"A+")))) -> NA | D41: =IF(#REF!<11,"NA",IF(#REF!<15,"ECA",IF(#REF!<18,"A",IF(#REF!<20,"A+")))) -> #REF! | E41: =IF(#REF!<11,"NA",IF(#REF!<15,"ECA",IF(#REF!<18,"A",IF(#REF!<20,"A+")))) -> #REF!
B42: Nb de jrnées : | C42: =IF(#REF!<11,"NA",IF(#REF!<15,"ECA",IF(#REF!<18,"A",IF(#REF!<20,"A+")))) -> #REF! | D42: =IF(#REF!<11,"NA",IF(#REF!<15,"ECA",IF(#REF!<18,"A",IF(#REF!<20,"A+")))) -> #REF! | E42: =IF(#REF!<11,"NA",IF(#REF!<15,"ECA",IF(#REF!<18,"A",IF(#REF!<20,"A+")))) -> #REF! | F42: Tableau d’honneur / Honour roll | J42: Observations et Visa du Principal
B43: Exclusions / Suspensions | C43: =IF(#REF!<11,"NA",IF(#REF!<15,"ECA",IF(#REF!<18,"A",IF(#REF!<20,"A+")))) -> #REF! | D43: =IF(#REF!<11,"NA",IF(#REF!<15,"ECA",IF(#REF!<18,"A",IF(#REF!<20,"A+")))) -> #REF! | E43: =IF(#REF!<11,"NA",IF(#REF!<15,"ECA",IF(#REF!<18,"A",IF(#REF!<20,"A+")))) -> #REF! | F43: Encouragements / Encouragements | J43: Observations and Signature of Principal
B44: Blâme / Blame | C44: Observations et Remarques du Professeur Principal | F44: Félicitations / Congratulations
B45: Avertissements / Warnings | F45: Décisions du Conseil de Classe | J45: Yaoundé le
B46: Observations et Remarques du parent de l’élève | J46: Le Principal

Sheet NGO NGUE
B4: MATIERES | C4: Annuel | D4: TRIM 1 | E4: TRIM 2 | F4: TRIM 3 | G4: Coef | H4: Moy × Coef | I4: Moy Gle Classe | K4: Rang | L4: Appréciations
B5: Expression Orale | C5: =F5 -> 13.74 | D5: 14 | E5: 15.5 | F5: 13.74 | G5: 1 | H5: =C5*G5 -> 13.74 | L5: =IF(C5<11,"NA",IF(C5<15,"ECA",IF(C5<18,"A",IF(C5<20,"A+")))) -> ECA | O5: =D5*G5 -> 14 | P5: =E5*G5 -> 15.5 | Q5: =G5*F5 -> 13.74
B6: Anglais | C6: =(D6+F6+E6)/3 -> 12.3 | D6: 13.7 | E6: 10.4 | F6: 12.8 | G6: 3 | H6: =C6*G6 -> 36.9 | L6: =IF(C6<11,"NA",IF(C6<15,"ECA",IF(C6<18,"A",IF(C6<20,"A+")))) -> ECA | O6: =D6*G6 -> 41.1 | P6: =E6*G6 -> 31.2 | Q6: =G6*F6 -> 38.4
B7: Cor Orthographique/ Dictée | C7: =(D7+F7+E7)/3 -> 10.766667 | D7: 14.7 | E7: 11.3 | F7: 6.3 | G7: 1 | H7: =C7*G7 -> 10.766667 | L7: =IF(C7<11,"NA",IF(C7<15,"ECA",IF(C7<18,"A",IF(C7<20,"A+")))) -> NA | O7: =D7*G7 -> 14.7 | P7: =E7*G7 -> 11.3 | Q7: =G7*F7 -> 6.3
B8: Espagnol | C8: =F8 -> 14.5 | F8: 14.5 | G8: 2 | H8: =C8*G8 -> 29 | L8: =IF(C8<11,"NA",IF(C8<15,"ECA",IF(C8<18,"A",IF(C8<20,"A+")))) -> ECA | O8: =D8*G8 -> 0 | P8: =E8*G8 -> 0 | Q8: =G8*F8 -> 29
B9: Etude de Texte | C9: =(D9+F9+E9)/3 -> 11.98 | D9: 10.55 | E9: 11.79 | F9: 13.6 | G9: 2 | H9: =C9*G9 -> 23.96 | L9: =IF(C9<11,"NA",IF(C9<15,"ECA",IF(C9<18,"A",IF(C9<20,"A+")))) -> ECA | O9: =D9*G9 -> 21.1 | P9: =E9*G9 -> 23.58 | Q9: =G9*F9 -> 27.2
B10: Expression Ecrite | C10: =(D10+F10+E10)/3 -> 12.206667 | D10: 13.7 | E10: 11.95 | F10: 10.97 | G10: 1 | H10: =C10*G10 -> 12.206667 | L10: =IF(C10<11,"NA",IF(C10<15,"ECA",IF(C10<18,"A",IF(C10<20,"A+")))) -> ECA | O10: =D10*G10 -> 13.7 | P10: =E10*G10 -> 11.95 | Q10: =G10*F10 -> 10.97
B11: Total du GROUPE I :
B12: Moyenne du Groupe : | C12: =(SUM(H5:H10)/SUM(G5:G10)) -> 12.657333 | G12: Rang de l’élève :
B14: ECM | C14: =(D14+F14+E14)/3 -> 14.55 | D14: 14.2 | E14: 13.95 | F14: 15.5 | G14: 2 | H14: =C14*G14 -> 29.1 | L14: =IF(C14<11,"NA",IF(C14<15,"ECA",IF(C14<18,"A",IF(C14<20,"A+")))) -> ECA | O14: =D14*G14 -> 28.4 | P14: =E14*G14 -> 27.9 | Q14: =G14*F14 -> 31
B15: Géographie | C15: =(D15+F15+E15)/3 -> 13.503333 | D15: 15.38 | E15: 12.15 | F15: 12.98 | G15: 1.5 | H15: =C15*G15 -> 20.255 | L15: =IF(C15<11,"NA",IF(C15<15,"ECA",IF(C15<18,"A",IF(C15<20,"A+")))) -> ECA | O15: =D15*G15 -> 23.07 | P15: =E15*G15 -> 18.225 | Q15: =G15*F15 -> 19.47
B16: Histoire | C16: =(D16+F16+E16)/3 -> 12.893333 | D16: 12.63 | E16: 13.85 | F16: 12.2 | G16: 1.5 | H16: =C16*G16 -> 19.34 | L16: =IF(C16<11,"NA",IF(C16<15,"ECA",IF(C16<18,"A",IF(C16<20,"A+")))) -> ECA | O16: =D16*G16 -> 18.945 | P16: =E16*G16 -> 20.775 | Q16: =G16*F16 -> 18.3
B17: LCN | C17: =(D17+F17+E17)/3 -> 15.2 | D17: 14.35 | E17: 15.75 | F17: 15.5 | G17: 1 | H17: =C17*G17 -> 15.2 | L17: =IF(C17<11,"NA",IF(C17<15,"ECA",IF(C17<18,"A",IF(C17<20,"A+")))) -> A | O17: =D17*G17 -> 14.35 | P17: =E17*G17 -> 15.75 | Q17: =G17*F17 -> 15.5
B18: Total du GROUPE II :
B19: Moyenne du Groupe : | C19: =(SUM(H14:H17)/SUM(G14:G17)) -> 13.9825 | G19: Rang de l’élève :
B21: Informatique | C21: =(D21+F21+E21)/3 -> 13.16 | D21: 14.05 | E21: 13.33 | F21: 12.1 | G21: 2 | H21: =C21*G21 -> 26.32 | L21: =IF(C21<11,"NA",IF(C21<15,"ECA",IF(C21<18,"A",IF(C21<20,"A+")))) -> ECA | O21: =D21*G21 -> 28.1 | P21: =E21*G21 -> 26.66 | Q21: =G21*F21 -> 24.2
B22: Mathématiques | C22: =(D22+F22+E22)/3 -> 13.063333 | D22: 12.25 | E22: 12.34 | F22: 14.6 | G22: 4 | H22: =C22*G22 -> 52.253333 | L22: =IF(C22<11,"NA",IF(C22<15,"ECA",IF(C22<18,"A",IF(C22<20,"A+")))) -> ECA | O22: =D22*G22 -> 49 | P22: =E22*G22 -> 49.36 | Q22: =G22*F22 -> 58.4
B23: PCT | C23: =F23 -> 13 | F23: 13 | G23: 2 | H23: =C23*G23 -> 26 | L23: =IF(C23<11,"NA",IF(C23<15,"ECA",IF(C23<18,"A",IF(C23<20,"A+")))) -> ECA | O23: =D23*G23 -> 0 | P23: =E23*G23 -> 0 | Q23: =G23*F23 -> 26
B24: SVTEEHB | C24: =(D24+F24+E24)/3 -> 12.326667 | D24: 13.8 | E24: 11.8 | F24: 11.38 | G24: 2 | H24: =C24*G24 -> 24.653333 | L24: =IF(C24<11,"NA",IF(C24<15,"ECA",IF(C24<18,"A",IF(C24<20,"A+")))) -> ECA | O24: =D24*G24 -> 27.6 | P24: =E24*G24 -> 23.6 | Q24: =G24*F24 -> 22.76
B25: Total du GROUPE III :
B26: Moyenne du Groupe : | C26: =(SUM(H21:H24)/SUM(G21:G24)) -> 12.922667 | G26: Rang de l’élève :
B28: EAC | C28: =(D28+F28+E28)/3 -> 13.833333 | D28: 13 | E28: 14.5 | F28: 14 | G28: 1 | H28: =C28*G28 -> 13.833333 | L28: =IF(C28<11,"NA",IF(C28<15,"ECA",IF(C28<18,"A",IF(C28<20,"A+")))) -> ECA | O28: =D28*G28 -> 13 | P28: =E28*G28 -> 14.5 | Q28: =G28*F28 -> 14
B29: EPS | C29: =(D29+F29+E29)/3 -> 15.466667 | D29: 15.6 | E29: 15.6 | F29: 15.2 | G29: 2 | H29: =C29*G29 -> 30.933333 | L29: =IF(C29<11,"NA",IF(C29<15,"ECA",IF(C29<18,"A",IF(C29<20,"A+")))) -> A | O29: =D29*G29 -> 31.2 | P29: =E29*G29 -> 31.2 | Q29: =G29*F29 -> 30.4
B30: ESF | C30: =(D30+F30+E30)/3 -> 12.166667 | D30: 14 | E30: 10.6 | F30: 11.9 | G30: 1 | H30: =C30*G30 -> 12.166667 | L30: =IF(C30<11,"NA",IF(C30<15,"ECA",IF(C30<18,"A",IF(C30<20,"A+")))) -> ECA | O30: =D30*G30 -> 14 | P30: =E30*G30 -> 10.6 | Q30: =G30*F30 -> 11.9
B31: Travail Manuel | C31: =(D31+F31+E31)/3 -> 16.333333 | D31: 15 | E31: 17 | F31: 17 | G31: 1 | H31: =C31*G31 -> 16.333333 | L31: =IF(C31<11,"NA",IF(C31<15,"ECA",IF(C31<18,"A",IF(C31<20,"A+")))) -> A | O31: =D31*G31 -> 15 | P31: =E31*G31 -> 17 | Q31: =G31*F31 -> 17
B32: Total du GROUPE IV : | O32: =SUM(O6:O31) -> 353.265 | P32: =SUM(P6:P31) -> 333.6 | Q32: =SUM(Q5:Q31) -> 414.54
B33: Moyenne du Groupe : | C33: =(SUM(H28:H31)/SUM(G28:G31)) -> 14.653333 | G33: Rang de l’élève : | O33: 26 | P33: 26 | Q33: 32
O34: =O32/O33 -> 13.587115 | P34: =P32/P33 -> 12.830769 | Q34: =Q32/Q33 -> 12.954375
B35: Total Général (GI + GII + GIII+GIV) = | C35: Moy Gle de la Classe : | D35: 11.13 | F35: Moy du 1er : | G35: 14.98 | I35: Moy du Dernier : | J35: 8.98
C36: TRIM 1 | D36: TRIM 2 | E36: TRIM3
B37: Moyennes de l’Elève : | C37: =O34 -> 13.587115 | D37: 12.89 | E37: 13.23 | F37: Annuel : | G37: 13.24 | H37: /20 | I37: Rang de l’élève : | K37: 5ème | L37: /25
B39: v La moyenne Annuelle n’est pas égale à la moyenne arithmétique des trimestres
B40: DECISIONS ET OBSERVATIONS / Décisions And Observations
B41: DISCIPLINE / Disciplin | C41: Appréciation du travail de l’élève | G41: TRAVAIL / Academic Work
B42: Nb d’Heures : | C42: =IF(G37<11,"NA",IF(G37<15,"ECA",IF(G37<18,"A",IF(G37<20,"A+")))) -> ECA | D42: =IF(#REF!<11,"NA",IF(#REF!<15,"ECA",IF(#REF!<18,"A",IF(#REF!<20,"A+")))) -> #REF! | F42: =IF(#REF!<11,"NA",IF(#REF!<15,"ECA",IF(#REF!<18,"A",IF(#REF!<20,"A+")))) -> #REF!
B43: Nb de jrnées : | C43: =IF(#REF!<11,"NA",IF(#REF!<15,"ECA",IF(#REF!<18,"A",IF(#REF!<20,"A+")))) -> #REF! | D43: =IF(#REF!<11,"NA",IF(#REF!<15,"ECA",IF(#REF!<18,"A",IF(#REF!<20,"A+")))) -> #REF! | F43: =IF(#REF!<11,"NA",IF(#REF!<15,"ECA",IF(#REF!<18,"A",IF(#REF!<20,"A+")))) -> #REF! | G43: Tableau d’honneur / Honour roll | K43: Observations et Visa du Principal
B44: Exclusions / Suspensions | C44: =IF(#REF!<11,"NA",IF(#REF!<15,"ECA",IF(#REF!<18,"A",IF(#REF!<20,"A+")))) -> #REF! | D44: =IF(#REF!<11,"NA",IF(#REF!<15,"ECA",IF(#REF!<18,"A",IF(#REF!<20,"A+")))) -> #REF! | F44: =IF(#REF!<11,"NA",IF(#REF!<15,"ECA",IF(#REF!<18,"A",IF(#REF!<20,"A+")))) -> #REF! | G44: Encouragements / Encouragements | K44: Observations and Signature of Principal
B45: Blâme / Blame | C45: Observations et Remarques du Professeur Principal | G45: Félicitations / Congratulations
B46: Avertissements / Warnings | G46: Décisions du Conseil de Classe | K46: Yaoundé le
B47: Observations et Remarques du parent de l’élève | K47: Le Principal

Sheet NOUBISSI
B4: MATIERES | C4: Annuel | D4: TRIM 1 | E4: TRIM 2 | F4: TRIM 3 | G4: Coef | H4: Moy × Coef | I4: Moy Gle Classe | K4: Rang | L4: Appréciations
B5: Allemand | C5: =F5 -> 5 | F5: 5 | G5: 2 | H5: =C5*G5 -> 10 | L5: =IF(C5<11,"NA",IF(C5<15,"ECA",IF(C5<18,"A",IF(C5<20,"A+")))) -> NA | O5: =D5*G5 -> 0 | P5: =E5*G5 -> 0 | Q5: =G5*F5 -> 10
B6: Anglais | C6: =(D6+F6+E6)/3 -> 7.6916667 | D6: 5.9 | E6: 8.8 | F6: 8.375 | G6: 3 | H6: =C6*G6 -> 23.075 | L6: =IF(C6<11,"NA",IF(C6<15,"ECA",IF(C6<18,"A",IF(C6<20,"A+")))) -> NA | O6: =D6*G6 -> 17.7 | P6: =E6*G6 -> 26.4 | Q6: =G6*F6 -> 25.125
B7: Cor Orthographique/ Dictée | C7: =(D7+F7+E7)/3 -> 4.4083333 | D7: 4.65 | E7: 4.45 | F7: 4.125 | G7: 1 | H7: =C7*G7 -> 4.4083333 | L7: =IF(C7<11,"NA",IF(C7<15,"ECA",IF(C7<18,"A",IF(C7<20,"A+")))) -> NA | O7: =D7*G7 -> 4.65 | P7: =E7*G7 -> 4.45 | Q7: =G7*F7 -> 4.125
B8: Espagnol | C8: =F8 -> 14.5 | F8: 14.5 | G8: 2 | H8: =C8*G8 -> 29 | L8: =IF(C8<11,"NA",IF(C8<15,"ECA",IF(C8<18,"A",IF(C8<20,"A+")))) -> ECA | O8: =D8*G8 -> 0 | P8: =E8*G8 -> 0 | Q8: =G8*F8 -> 29
B9: Etude de Texte | C9: =(D9+F9+E9)/3 -> 6.65 | D9: 7.05 | E9: 7.15 | F9: 5.75 | G9: 2 | H9: =C9*G9 -> 13.3 | L9: =IF(C9<11,"NA",IF(C9<15,"ECA",IF(C9<18,"A",IF(C9<20,"A+")))) -> NA | O9: =D9*G9 -> 14.1 | P9: =E9*G9 -> 14.3 | Q9: =G9*F9 -> 11.5
B10: Expression Ecrite | C10: =(D10+F10+E10)/3 -> 8.9233333 | D10: 7.35 | E10: 11.67 | F10: 7.75 | G10: 1 | H10: =C10*G10 -> 8.9233333 | L10: =IF(C10<11,"NA",IF(C10<15,"ECA",IF(C10<18,"A",IF(C10<20,"A+")))) -> NA | O10: =D10*G10 -> 7.35 | P10: =E10*G10 -> 11.67 | Q10: =G10*F10 -> 7.75
B11: Total du GROUPE I :
B12: Moyenne du Groupe : | C12: =(SUM(H5:H10)/SUM(G5:G10)) -> 8.0642424 | G12: Rang de l’élève :
B14: ECM | C14: =(D14+F14+E14)/3 -> 13.216667 | D14: 12.95 | E14: 13.7 | F14: 13 | G14: 2 | H14: =C14*G14 -> 26.433333 | L14: =IF(C14<11,"NA",IF(C14<15,"ECA",IF(C14<18,"A",IF(C14<20,"A+")))) -> ECA | O14: =D14*G14 -> 25.9 | P14: =E14*G14 -> 27.4 | Q14: =G14*F14 -> 26
B15: Géographie | C15: =(D15+F15+E15)/3 -> 12.083333 | D15: 11.375 | E15: 11.85 | F15: 13.025 | G15: 1.5 | H15: =C15*G15 -> 18.125 | L15: =IF(C15<11,"NA",IF(C15<15,"ECA",IF(C15<18,"A",IF(C15<20,"A+")))) -> ECA | O15: =D15*G15 -> 17.0625 | P15: =E15*G15 -> 17.775 | Q15: =G15*F15 -> 19.5375
B16: Histoire | C16: =(D16+F16+E16)/3 -> 10.025 | D16: 8.275 | E16: 11.425 | F16: 10.375 | G16: 1.5 | H16: =C16*G16 -> 15.0375 | L16: =IF(C16<11,"NA",IF(C16<15,"ECA",IF(C16<18,"A",IF(C16<20,"A+")))) -> NA | O16: =D16*G16 -> 12.4125 | P16: =E16*G16 -> 17.1375 | Q16: =G16*F16 -> 15.5625
B17: LCN | C17: =(D17+F17+E17)/3 -> 9.7166667 | D17: 10.65 | E17: 9.5 | F17: 9 | G17: 1 | H17: =C17*G17 -> 9.7166667 | L17: =IF(C17<11,"NA",IF(C17<15,"ECA",IF(C17<18,"A",IF(C17<20,"A+")))) -> NA | O17: =D17*G17 -> 10.65 | P17: =E17*G17 -> 9.5 | Q17: =G17*F17 -> 9
B18: Total du GROUPE II :
B19: Moyenne du Groupe : | C19: =(SUM(H14:H17)/SUM(G14:G17)) -> 11.552083 | G19: Rang de l’élève :
B21: Informatique | C21: =(D21+F21+E21)/3 -> 7.525 | D21: 9.075 | E21: 6.1 | F21: 7.4 | G21: 2 | H21: =C21*G21 -> 15.05 | L21: =IF(C21<11,"NA",IF(C21<15,"ECA",IF(C21<18,"A",IF(C21<20,"A+")))) -> NA | O21: =D21*G21 -> 18.15 | P21: =E21*G21 -> 12.2 | Q21: =G21*F21 -> 14.8
B22: Mathématiques | C22: =(D22+F22+E22)/3 -> 9.9266667 | D22: 8.4 | E22: 8.78 | F22: 12.6 | G22: 4 | H22: =C22*G22 -> 39.706667 | L22: =IF(C22<11,"NA",IF(C22<15,"ECA",IF(C22<18,"A",IF(C22<20,"A+")))) -> NA | O22: =D22*G22 -> 33.6 | P22: =E22*G22 -> 35.12 | Q22: =G22*F22 -> 50.4
B23: PCT | C23: =F23 -> 8 | F23: 8 | G23: 2 | H23: =C23*G23 -> 16 | L23: =IF(C23<11,"NA",IF(C23<15,"ECA",IF(C23<18,"A",IF(C23<20,"A+")))) -> NA | O23: =D23*G23 -> 0 | P23: =E23*G23 -> 0 | Q23: =G23*F23 -> 16
B24: SVTEEHB | C24: =(D24+F24+E24)/3 -> 9.3833333 | D24: 9.55 | E24: 6.6 | F24: 12 | G24: 2 | H24: =C24*G24 -> 18.766667 | L24: =IF(C24<11,"NA",IF(C24<15,"ECA",IF(C24<18,"A",IF(C24<20,"A+")))) -> NA | O24: =D24*G24 -> 19.1 | P24: =E24*G24 -> 13.2 | Q24: =G24*F24 -> 24
B25: Total du GROUPE III :
B26: Moyenne du Groupe : | C26: =(SUM(H21:H24)/SUM(G21:G24)) -> 8.9523333 | G26: Rang de l’élève :
B28: EAC | C28: =(D28+F28+E28)/3 -> 14.833333 | D28: 15.5 | E28: 15 | F28: 14 | G28: 1 | H28: =C28*G28 -> 14.833333 | L28: =IF(C28<11,"NA",IF(C28<15,"ECA",IF(C28<18,"A",IF(C28<20,"A+")))) -> ECA | O28: =D28*G28 -> 15.5 | P28: =E28*G28 -> 15 | Q28: =G28*F28 -> 14
B29: EPS | C29: =(D29+F29+E29)/3 -> 13.116667 | D29: 12.2 | E29: 14.65 | F29: 12.5 | G29: 2 | H29: =C29*G29 -> 26.233333 | L29: =IF(C29<11,"NA",IF(C29<15,"ECA",IF(C29<18,"A",IF(C29<20,"A+")))) -> ECA | O29: =D29*G29 -> 24.4 | P29: =E29*G29 -> 29.3 | Q29: =G29*F29 -> 25
B30: ESF | C30: =(D30+F30+E30)/3 -> 12.533333 | D30: 12.5 | E30: 11.1 | F30: 14 | G30: 1 | H30: =C30*G30 -> 12.533333 | L30: =IF(C30<11,"NA",IF(C30<15,"ECA",IF(C30<18,"A",IF(C30<20,"A+")))) -> ECA | O30: =D30*G30 -> 12.5 | P30: =E30*G30 -> 11.1 | Q30: =G30*F30 -> 14
B31: Travail Manuel | C31: =(D31+F31+E31)/3 -> 14.833333 | D31: 13.5 | E31: 16 | F31: 15 | G31: 1 | H31: =C31*G31 -> 14.833333 | L31: =IF(C31<11,"NA",IF(C31<15,"ECA",IF(C31<18,"A",IF(C31<20,"A+")))) -> ECA | O31: =D31*G31 -> 13.5 | P31: =E31*G31 -> 16 | Q31: =G31*F31 -> 15
B32: Total du GROUPE IV : | O32: =SUM(O6:O31) -> 246.575 | P32: =SUM(P6:P31) -> 260.5525 | Q32: =SUM(Q5:Q31) -> 330.8
B33: Moyenne du Groupe : | C33: =(SUM(H28:H31)/SUM(G28:G31)) -> 13.686667 | G33: Rang de l’élève : | O33: 26 | P33: 26 | Q33: 32
O34: =O32/O33 -> 9.4836538 | P34: =P32/P33 -> 10.02125 | Q34: =Q32/Q33 -> 10.3375
B35: Total Général (GI + GII + GIII+GIV) = | C35: Moy Gle de la Classe : | F35: Moy du 1er : | I35: Moy du Dernier :
C36: TRIM 1 | D36: TRIM 2 | E36: TRIM3
B37: Moyennes de l’Elève : | C37: =O34 -> 9.4836538 | D37: =P34 -> 10.02125 | E37: =Q34 -> 10.3375 | F37: Annuel : | G37: =(H5+H6+H7+H8+H9+H10+H14+H15+H16+H17+H21+H22+H23+H24+H28+H29+H30+H31)/32 -> 9.8742448 | H37: /20 | I37: Rang de l’élève : | L37: /20
B39: v La moyenne Annuelle n’est pas égale à la moyenne arithmétique des trimestres
B40: DECISIONS ET OBSERVATIONS / Décisions And Observations
B41: DISCIPLINE / Disciplin | C41: Appréciation du travail de l’élève | G41: TRAVAIL / Academic Work
B42: Nb d’Heures : | C42: =IF(G37<11,"NA",IF(G37<15,"ECA",IF(G37<18,"A",IF(G37<20,"A+")))) -> NA | D42: =IF(#REF!<11,"NA",IF(#REF!<15,"ECA",IF(#REF!<18,"A",IF(#REF!<20,"A+")))) -> #REF! | F42: =IF(#REF!<11,"NA",IF(#REF!<15,"ECA",IF(#REF!<18,"A",IF(#REF!<20,"A+")))) -> #REF!
B43: Nb de jrnées : | C43: =IF(#REF!<11,"NA",IF(#REF!<15,"ECA",IF(#REF!<18,"A",IF(#REF!<20,"A+")))) -> #REF! | D43: =IF(#REF!<11,"NA",IF(#REF!<15,"ECA",IF(#REF!<18,"A",IF(#REF!<20,"A+")))) -> #REF! | F43: =IF(#REF!<11,"NA",IF(#REF!<15,"ECA",IF(#REF!<18,"A",IF(#REF!<20,"A+")))) -> #REF! | G43: Tableau d’honneur / Honour roll | K43: Observations et Visa du Principal
B44: Exclusions / Suspensions | C44: =IF(#REF!<11,"NA",IF(#REF!<15,"ECA",IF(#REF!<18,"A",IF(#REF!<20,"A+")))) -> #REF! | D44: =IF(#REF!<11,"NA",IF(#REF!<15,"ECA",IF(#REF!<18,"A",IF(#REF!<20,"A+")))) -> #REF! | F44: =IF(#REF!<11,"NA",IF(#REF!<15,"ECA",IF(#REF!<18,"A",IF(#REF!<20,"A+")))) -> #REF! | G44: Encouragements / Encouragements | K44: Observations and Signature of Principal
B45: Blâme / Blame | C45: Observations et Remarques du Professeur Principal | G45: Félicitations / Congratulations
B46: Avertissements / Warnings | G46: Décisions du Conseil de Classe | K46: Yaoundé le
B47: Observations et Remarques du parent de l’élève | K47: Le Principal

Sheet NWAHA
B4: MATIERES | C4: Annuel | D4: TRIM 1 | E4: TRIM 2 | F4: TRIM 3 | G4: Coef | H4: Moy × Coef | I4: Moy Gle Classe | K4: Rang | L4: Appréciations
B5: Allemand | C5: =F5 -> 12 | F5: 12 | G5: 2 | H5: =C5*G5 -> 24 | L5: =IF(C5<11,"NA",IF(C5<15,"ECA",IF(C5<18,"A",IF(C5<20,"A+")))) -> ECA | O5: =D5*G5 -> 0 | P5: =E5*G5 -> 0 | Q5: =G5*F5 -> 24
B6: Anglais | C6: =(D6+F6+E6)/3 -> 9.4583333 | D6: 9.2 | E6: 8.975 | F6: 10.2 | G6: 3 | H6: =C6*G6 -> 28.375 | L6: =IF(C6<11,"NA",IF(C6<15,"ECA",IF(C6<18,"A",IF(C6<20,"A+")))) -> NA | O6: =D6*G6 -> 27.6 | P6: =E6*G6 -> 26.925 | Q6: =G6*F6 -> 30.6
B7: Cor Orthographique/ Dictée | C7: =(D7+F7+E7)/3 -> 8.9333333 | D7: 9.9 | E7: 7.9 | F7: 9 | G7: 1 | H7: =C7*G7 -> 8.9333333 | L7: =IF(C7<11,"NA",IF(C7<15,"ECA",IF(C7<18,"A",IF(C7<20,"A+")))) -> NA | O7: =D7*G7 -> 9.9 | P7: =E7*G7 -> 7.9 | Q7: =G7*F7 -> 9
B8: Espagnol | C8: =F8 -> 13 | F8: 13 | G8: 2 | H8: =C8*G8 -> 26 | L8: =IF(C8<11,"NA",IF(C8<15,"ECA",IF(C8<18,"A",IF(C8<20,"A+")))) -> ECA | O8: =D8*G8 -> 0 | P8: =E8*G8 -> 0 | Q8: =G8*F8 -> 26
B9: Etude de Texte | C9: =(D9+F9+E9)/3 -> 9.8 | D9: 9.45 | E9: 8.3 | F9: 11.65 | G9: 2 | H9: =C9*G9 -> 19.6 | L9: =IF(C9<11,"NA",IF(C9<15,"ECA",IF(C9<18,"A",IF(C9<20,"A+")))) -> NA | O9: =D9*G9 -> 18.9 | P9: =E9*G9 -> 16.6 | Q9: =G9*F9 -> 23.3
B10: Expression Ecrite | C10: =(D10+F10+E10)/3 -> 9.4066667 | D10: 8.3 | E10: 9.22 | F10: 10.7 | G10: 1 | H10: =C10*G10 -> 9.4066667 | L10: =IF(C10<11,"NA",IF(C10<15,"ECA",IF(C10<18,"A",IF(C10<20,"A+")))) -> NA | O10: =D10*G10 -> 8.3 | P10: =E10*G10 -> 9.22 | Q10: =G10*F10 -> 10.7
B11: Total du GROUPE I :
B12: Moyenne du Groupe : | C12: =(SUM(H5:H10)/SUM(G5:G10)) -> 10.574091 | G12: Rang de l’élève :
B14: ECM | C14: =(D14+F14+E14)/3 -> 14.266667 | D14: 14.6 | E14: 14.7 | F14: 13.5 | G14: 2 | H14: =C14*G14 -> 28.533333 | L14: =IF(C14<11,"NA",IF(C14<15,"ECA",IF(C14<18,"A",IF(C14<20,"A+")))) -> ECA | O14: =D14*G14 -> 29.2 | P14: =E14*G14 -> 29.4 | Q14: =G14*F14 -> 27
B15: Géographie | C15: =(D15+F15+E15)/3 -> 12.266667 | D15: 9.5 | E15: 15.1 | F15: 12.2 | G15: 1.5 | H15: =C15*G15 -> 18.4 | L15: =IF(C15<11,"NA",IF(C15<15,"ECA",IF(C15<18,"A",IF(C15<20,"A+")))) -> ECA | O15: =D15*G15 -> 14.25 | P15: =E15*G15 -> 22.65 | Q15: =G15*F15 -> 18.3
B16: Histoire | C16: =(D16+F16+E16)/3 -> 9.9583333 | D16: 9.5 | E16: 9.5 | F16: 10.875 | G16: 1.5 | H16: =C16*G16 -> 14.9375 | L16: =IF(C16<11,"NA",IF(C16<15,"ECA",IF(C16<18,"A",IF(C16<20,"A+")))) -> NA | O16: =D16*G16 -> 14.25 | P16: =E16*G16 -> 14.25 | Q16: =G16*F16 -> 16.3125
B17: LCN | C17: =(D17+F17+E17)/3 -> 11.808333 | D17: 10.3 | E17: 12.5 | F17: 12.625 | G17: 1 | H17: =C17*G17 -> 11.808333 | L17: =IF(C17<11,"NA",IF(C17<15,"ECA",IF(C17<18,"A",IF(C17<20,"A+")))) -> ECA | O17: =D17*G17 -> 10.3 | P17: =E17*G17 -> 12.5 | Q17: =G17*F17 -> 12.625
B18: Total du GROUPE II :
B19: Moyenne du Groupe : | C19: =(SUM(H14:H17)/SUM(G14:G17)) -> 12.279861 | G19: Rang de l’élève :
B21: Informatique | C21: =(D21+F21+E21)/3 -> 8.1916667 | D21: 11.475 | E21: 8.1 | F21: 5 | G21: 2 | H21: =C21*G21 -> 16.383333 | L21: =IF(C21<11,"NA",IF(C21<15,"ECA",IF(C21<18,"A",IF(C21<20,"A+")))) -> NA | O21: =D21*G21 -> 22.95 | P21: =E21*G21 -> 16.2 | Q21: =G21*F21 -> 10
B22: Mathématiques | C22: =(D22+F22+E22)/3 -> 10.573333 | D22: 10.75 | E22: 10.17 | F22: 10.8 | G22: 4 | H22: =C22*G22 -> 42.293333 | L22: =IF(C22<11,"NA",IF(C22<15,"ECA",IF(C22<18,"A",IF(C22<20,"A+")))) -> NA | O22: =D22*G22 -> 43 | P22: =E22*G22 -> 40.68 | Q22: =G22*F22 -> 43.2
B23: PCT | C23: =F23 -> 15 | F23: 15 | G23: 2 | H23: =C23*G23 -> 30 | L23: =IF(C23<11,"NA",IF(C23<15,"ECA",IF(C23<18,"A",IF(C23<20,"A+")))) -> A | O23: =D23*G23 -> 0 | P23: =E23*G23 -> 0 | Q23: =G23*F23 -> 30
B24: SVTEEHB | C24: =(D24+F24+E24)/3 -> 11.243333 | D24: 10.85 | E24: 9.33 | F24: 13.55 | G24: 2 | H24: =C24*G24 -> 22.486667 | L24: =IF(C24<11,"NA",IF(C24<15,"ECA",IF(C24<18,"A",IF(C24<20,"A+")))) -> ECA | O24: =D24*G24 -> 21.7 | P24: =E24*G24 -> 18.66 | Q24: =G24*F24 -> 27.1
B25: Total du GROUPE III :
B26: Moyenne du Groupe : | C26: =(SUM(H21:H24)/SUM(G21:G24)) -> 11.116333 | G26: Rang de l’élève :
B28: EAC | C28: =(D28+F28+E28)/3 -> 14.166667 | D28: 16 | E28: 13.5 | F28: 13 | G28: 1 | H28: =C28*G28 -> 14.166667 | L28: =IF(C28<11,"NA",IF(C28<15,"ECA",IF(C28<18,"A",IF(C28<20,"A+")))) -> ECA | O28: =D28*G28 -> 16 | P28: =E28*G28 -> 13.5 | Q28: =G28*F28 -> 13
B29: EPS | C29: =(D29+F29+E29)/3 -> 14.2 | D29: 14.05 | E29: 15.35 | F29: 13.2 | G29: 2 | H29: =C29*G29 -> 28.4 | L29: =IF(C29<11,"NA",IF(C29<15,"ECA",IF(C29<18,"A",IF(C29<20,"A+")))) -> ECA | O29: =D29*G29 -> 28.1 | P29: =E29*G29 -> 30.7 | Q29: =G29*F29 -> 26.4
B30: ESF | C30: =(D30+F30+E30)/3 -> 13.3 | D30: 11.5 | E30: 14.4 | F30: 14 | G30: 1 | H30: =C30*G30 -> 13.3 | L30: =IF(C30<11,"NA",IF(C30<15,"ECA",IF(C30<18,"A",IF(C30<20,"A+")))) -> ECA | O30: =D30*G30 -> 11.5 | P30: =E30*G30 -> 14.4 | Q30: =G30*F30 -> 14
B31: Travail Manuel | C31: =(D31+F31+E31)/3 -> 15.333333 | D31: 15 | E31: 16 | F31: 15 | G31: 1 | H31: =C31*G31 -> 15.333333 | L31: =IF(C31<11,"NA",IF(C31<15,"ECA",IF(C31<18,"A",IF(C31<20,"A+")))) -> A | O31: =D31*G31 -> 15 | P31: =E31*G31 -> 16 | Q31: =G31*F31 -> 15
B32: Total du GROUPE IV : | O32: =SUM(O6:O31) -> 290.95 | P32: =SUM(P6:P31) -> 289.585 | Q32: =SUM(Q5:Q31) -> 376.5375
B33: Moyenne du Groupe : | C33: =(SUM(H28:H31)/SUM(G28:G31)) -> 14.24 | G33: Rang de l’élève : | O33: 26 | P33: 26 | Q33: 32
O34: =O32/O33 -> 11.190385 | P34: =P32/P33 -> 11.137885 | Q34: =Q32/Q33 -> 11.766797
B35: Total Général (GI + GII + GIII+GIV) = | C35: Moy Gle de la Classe : | F35: Moy du 1er : | I35: Moy du Dernier :
C36: TRIM 1 | D36: TRIM 2 | E36: TRIM3
B37: Moyennes de l’Elève : | C37: =O34 -> 11.190385 | D37: =P34 -> 11.137885 | E37: =Q34 -> 11.766797 | F37: Annuel : | G37: =(H5+H6+H7+H8+H9+H10+H14+H15+H16+H17+H21+H22+H23+H24+H28+H29+H30+H31)/32 -> 11.636172 | H37: /20 | I37: Rang de l’élève : | L37: /20
B39: v La moyenne Annuelle n’est pas égale à la moyenne arithmétique des trimestres
B40: DECISIONS ET OBSERVATIONS / Décisions And Observations
B41: DISCIPLINE / Disciplin | C41: Appréciation du travail de l’élève | G41: TRAVAIL / Academic Work
B42: Nb d’Heures : | C42: =IF(G37<11,"NA",IF(G37<15,"ECA",IF(G37<18,"A",IF(G37<20,"A+")))) -> ECA | D42: =IF(#REF!<11,"NA",IF(#REF!<15,"ECA",IF(#REF!<18,"A",IF(#REF!<20,"A+")))) -> #REF! | F42: =IF(#REF!<11,"NA",IF(#REF!<15,"ECA",IF(#REF!<18,"A",IF(#REF!<20,"A+")))) -> #REF!
B43: Nb de jrnées : | C43: =IF(#REF!<11,"NA",IF(#REF!<15,"ECA",IF(#REF!<18,"A",IF(#REF!<20,"A+")))) -> #REF! | D43: =IF(#REF!<11,"NA",IF(#REF!<15,"ECA",IF(#REF!<18,"A",IF(#REF!<20,"A+")))) -> #REF! | F43: =IF(#REF!<11,"NA",IF(#REF!<15,"ECA",IF(#REF!<18,"A",IF(#REF!<20,"A+")))) -> #REF! | G43: Tableau d’honneur / Honour roll | K43: Observations et Visa du Principal
B44: Exclusions / Suspensions | C44: =IF(#REF!<11,"NA",IF(#REF!<15,"ECA",IF(#REF!<18,"A",IF(#REF!<20,"A+")))) -> #REF! | D44: =IF(#REF!<11,"NA",IF(#REF!<15,"ECA",IF(#REF!<18,"A",IF(#REF!<20,"A+")))) -> #REF! | F44: =IF(#REF!<11,"NA",IF(#REF!<15,"ECA",IF(#REF!<18,"A",IF(#REF!<20,"A+")))) -> #REF! | G44: Encouragements / Encouragements | K44: Observations and Signature of Principal
B45: Blâme / Blame | C45: Observations et Remarques du Professeur Principal | G45: Félicitations / Congratulations
B46: Avertissements / Warnings | G46: Décisions du Conseil de Classe | K46: Yaoundé le
B47: Observations et Remarques du parent de l’élève | K47: Le Principal

Sheet ONANA
B4: MATIERES | C4: Annuel | D4: TRIM 1 | E4: TRIM 2 | F4: TRIM 3 | G4: Coef | H4: Moy × Coef | I4: Moy Gle Classe | K4: Rang | L4: Appréciations
B5: Allemand | C5: =F5 -> 18.5 | F5: 18.5 | G5: 2 | H5: =C5*G5 -> 37 | L5: =IF(C5<11,"NA",IF(C5<15,"ECA",IF(C5<18,"A",IF(C5<20,"A+")))) -> A+ | O5: =D5*G5 -> 0 | P5: =E5*G5 -> 0 | Q5: =G5*F5 -> 37
B6: Anglais | C6: =(D6+F6+E6)/3 -> 9.9916667 | D6: 9.2 | E6: 9.95 | F6: 10.825 | G6: 3 | H6: =C6*G6 -> 29.975 | L6: =IF(C6<11,"NA",IF(C6<15,"ECA",IF(C6<18,"A",IF(C6<20,"A+")))) -> NA | O6: =D6*G6 -> 27.6 | P6: =E6*G6 -> 29.85 | Q6: =G6*F6 -> 32.475
B7: Cor Orthographique/ Dictée | C7: =(D7+F7+E7)/3 -> 9.15 | D7: 10.9 | E7: 10.05 | F7: 6.5 | G7: 1 | H7: =C7*G7 -> 9.15 | L7: =IF(C7<11,"NA",IF(C7<15,"ECA",IF(C7<18,"A",IF(C7<20,"A+")))) -> NA | O7: =D7*G7 -> 10.9 | P7: =E7*G7 -> 10.05 | Q7: =G7*F7 -> 6.5
B8: Espagnol | C8: =F8 -> 16 | F8: 16 | G8: 2 | H8: =C8*G8 -> 32 | L8: =IF(C8<11,"NA",IF(C8<15,"ECA",IF(C8<18,"A",IF(C8<20,"A+")))) -> A | O8: =D8*G8 -> 0 | P8: =E8*G8 -> 0 | Q8: =G8*F8 -> 32
B9: Etude de Texte | C9: =(D9+F9+E9)/3 -> 11.183333 | D9: 11 | E9: 12 | F9: 10.55 | G9: 2 | H9: =C9*G9 -> 22.366667 | L9: =IF(C9<11,"NA",IF(C9<15,"ECA",IF(C9<18,"A",IF(C9<20,"A+")))) -> ECA | O9: =D9*G9 -> 22 | P9: =E9*G9 -> 24 | Q9: =G9*F9 -> 21.1
B10: Expression Ecrite | C10: =(D10+F10+E10)/3 -> 14.19 | D10: 11.9 | E10: 16.17 | F10: 14.5 | G10: 1 | H10: =C10*G10 -> 14.19 | L10: =IF(C10<11,"NA",IF(C10<15,"ECA",IF(C10<18,"A",IF(C10<20,"A+")))) -> ECA | O10: =D10*G10 -> 11.9 | P10: =E10*G10 -> 16.17 | Q10: =G10*F10 -> 14.5
B11: Total du GROUPE I :
B12: Moyenne du Groupe : | C12: =(SUM(H5:H10)/SUM(G5:G10)) -> 13.152879 | G12: Rang de l’élève :
B14: ECM | C14: =(D14+F14+E14)/3 -> 17.283333 | D14: 17.35 | E14: 17.9 | F14: 16.6 | G14: 2 | H14: =C14*G14 -> 34.566667 | L14: =IF(C14<11,"NA",IF(C14<15,"ECA",IF(C14<18,"A",IF(C14<20,"A+")))) -> A | O14: =D14*G14 -> 34.7 | P14: =E14*G14 -> 35.8 | Q14: =G14*F14 -> 33.2
B15: Géographie | C15: =(D15+F15+E15)/3 -> 14.641667 | D15: 13.25 | E15: 15.425 | F15: 15.25 | G15: 1.5 | H15: =C15*G15 -> 21.9625 | L15: =IF(C15<11,"NA",IF(C15<15,"ECA",IF(C15<18,"A",IF(C15<20,"A+")))) -> ECA | O15: =D15*G15 -> 19.875 | P15: =E15*G15 -> 23.1375 | Q15: =G15*F15 -> 22.875
B16: Histoire | C16: =(D16+F16+E16)/3 -> 13.925 | D16: 12.75 | E16: 14.65 | F16: 14.375 | G16: 1.5 | H16: =C16*G16 -> 20.8875 | L16: =IF(C16<11,"NA",IF(C16<15,"ECA",IF(C16<18,"A",IF(C16<20,"A+")))) -> ECA | O16: =D16*G16 -> 19.125 | P16: =E16*G16 -> 21.975 | Q16: =G16*F16 -> 21.5625
B17: LCN | C17: =(D17+F17+E17)/3 -> 13.525 | D17: 11.45 | E17: 14 | F17: 15.125 | G17: 1 | H17: =C17*G17 -> 13.525 | L17: =IF(C17<11,"NA",IF(C17<15,"ECA",IF(C17<18,"A",IF(C17<20,"A+")))) -> ECA | O17: =D17*G17 -> 11.45 | P17: =E17*G17 -> 14 | Q17: =G17*F17 -> 15.125
B18: Total du GROUPE II :
B19: Moyenne du Groupe : | C19: =(SUM(H14:H17)/SUM(G14:G17)) -> 15.156944 | G19: Rang de l’élève :
B21: Informatique | C21: =(D21+F21+E21)/3 -> 12.883333 | D21: 15 | E21: 11.4 | F21: 12.25 | G21: 2 | H21: =C21*G21 -> 25.766667 | L21: =IF(C21<11,"NA",IF(C21<15,"ECA",IF(C21<18,"A",IF(C21<20,"A+")))) -> ECA | O21: =D21*G21 -> 30 | P21: =E21*G21 -> 22.8 | Q21: =G21*F21 -> 24.5
B22: Mathématiques | C22: =(D22+F22+E22)/3 -> 12.961667 | D22: 12.35 | E22: 14.335 | F22: 12.2 | G22: 4 | H22: =C22*G22 -> 51.846667 | L22: =IF(C22<11,"NA",IF(C22<15,"ECA",IF(C22<18,"A",IF(C22<20,"A+")))) -> ECA | O22: =D22*G22 -> 49.4 | P22: =E22*G22 -> 57.34 | Q22: =G22*F22 -> 48.8
B23: PCT | C23: =F23 -> 18 | F23: 18 | G23: 2 | H23: =C23*G23 -> 36 | L23: =IF(C23<11,"NA",IF(C23<15,"ECA",IF(C23<18,"A",IF(C23<20,"A+")))) -> A+ | O23: =D23*G23 -> 0 | P23: =E23*G23 -> 0 | Q23: =G23*F23 -> 36
B24: SVTEEHB | C24: =(D24+F24+E24)/3 -> 15.276667 | D24: 13.4 | E24: 15.18 | F24: 17.25 | G24: 2 | H24: =C24*G24 -> 30.553333 | L24: =IF(C24<11,"NA",IF(C24<15,"ECA",IF(C24<18,"A",IF(C24<20,"A+")))) -> A | O24: =D24*G24 -> 26.8 | P24: =E24*G24 -> 30.36 | Q24: =G24*F24 -> 34.5
B25: Total du GROUPE III :
B26: Moyenne du Groupe : | C26: =(SUM(H21:H24)/SUM(G21:G24)) -> 14.416667 | G26: Rang de l’élève :
B28: EAC | C28: =(D28+F28+E28)/3 -> 17.833333 | D28: 17.5 | E28: 18 | F28: 18 | G28: 1 | H28: =C28*G28 -> 17.833333 | L28: =IF(C28<11,"NA",IF(C28<15,"ECA",IF(C28<18,"A",IF(C28<20,"A+")))) -> A | O28: =D28*G28 -> 17.5 | P28: =E28*G28 -> 18 | Q28: =G28*F28 -> 18
B29: EPS | C29: =(D29+F29+E29)/3 -> 17.416667 | D29: 17.85 | E29: 16.7 | F29: 17.7 | G29: 2 | H29: =C29*G29 -> 34.833333 | L29: =IF(C29<11,"NA",IF(C29<15,"ECA",IF(C29<18,"A",IF(C29<20,"A+")))) -> A | O29: =D29*G29 -> 35.7 | P29: =E29*G29 -> 33.4 | Q29: =G29*F29 -> 35.4
B30: ESF | C30: =(D30+F30+E30)/3 -> 14.866667 | D30: 14.5 | E30: 16.1 | F30: 14 | G30: 1 | H30: =C30*G30 -> 14.866667 | L30: =IF(C30<11,"NA",IF(C30<15,"ECA",IF(C30<18,"A",IF(C30<20,"A+")))) -> ECA | O30: =D30*G30 -> 14.5 | P30: =E30*G30 -> 16.1 | Q30: =G30*F30 -> 14
B31: Travail Manuel | C31: =(D31+F31+E31)/3 -> 14.833333 | D31: 13 | E31: 16 | F31: 15.5 | G31: 1 | H31: =C31*G31 -> 14.833333 | L31: =IF(C31<11,"NA",IF(C31<15,"ECA",IF(C31<18,"A",IF(C31<20,"A+")))) -> ECA | O31: =D31*G31 -> 13 | P31: =E31*G31 -> 16 | Q31: =G31*F31 -> 15.5
B32: Total du GROUPE IV : | O32: =SUM(O6:O31) -> 344.45 | P32: =SUM(P6:P31) -> 368.9825 | Q32: =SUM(Q5:Q31) -> 463.0375
B33: Moyenne du Groupe : | C33: =(SUM(H28:H31)/SUM(G28:G31)) -> 16.473333 | G33: Rang de l’élève : | O33: 26 | P33: 26 | Q33: 32
O34: =O32/O33 -> 13.248077 | P34: =P32/P33 -> 14.191635 | Q34: =Q32/Q33 -> 14.469922
B35: Total Général (GI + GII + GIII+GIV) = | C35: Moy Gle de la Classe : | F35: Moy du 1er : | I35: Moy du Dernier :
C36: TRIM 1 | D36: TRIM 2 | E36: TRIM3
B37: Moyennes de l’Elève : | C37: =O34 -> 13.248077 | D37: =P34 -> 14.191635 | E37: =Q34 -> 14.469922 | F37: Annuel : | G37: =(H5+H6+H7+H8+H9+H10+H14+H15+H16+H17+H21+H22+H23+H24+H28+H29+H30+H31)/32 -> 14.442396 | H37: /20 | I37: Rang de l’élève : | L37: /20
B39: v La moyenne Annuelle n’est pas égale à la moyenne arithmétique des trimestres
B40: DECISIONS ET OBSERVATIONS / Décisions And Observations
B41: DISCIPLINE / Disciplin | C41: Appréciation du travail de l’élève | G41: TRAVAIL / Academic Work
B42: Nb d’Heures : | C42: =IF(G37<11,"NA",IF(G37<15,"ECA",IF(G37<18,"A",IF(G37<20,"A+")))) -> ECA | D42: =IF(#REF!<11,"NA",IF(#REF!<15,"ECA",IF(#REF!<18,"A",IF(#REF!<20,"A+")))) -> #REF! | F42: =IF(#REF!<11,"NA",IF(#REF!<15,"ECA",IF(#REF!<18,"A",IF(#REF!<20,"A+")))) -> #REF!
B43: Nb de jrnées : | C43: =IF(#REF!<11,"NA",IF(#REF!<15,"ECA",IF(#REF!<18,"A",IF(#REF!<20,"A+")))) -> #REF! | D43: =IF(#REF!<11,"NA",IF(#REF!<15,"ECA",IF(#REF!<18,"A",IF(#REF!<20,"A+")))) -> #REF! | F43: =IF(#REF!<11,"NA",IF(#REF!<15,"ECA",IF(#REF!<18,"A",IF(#REF!<20,"A+")))) -> #REF! | G43: Tableau d’honneur / Honour roll | K43: Observations et Visa du Principal
B44: Exclusions / Suspensions | C44: =IF(#REF!<11,"NA",IF(#REF!<15,"ECA",IF(#REF!<18,"A",IF(#REF!<20,"A+")))) -> #REF! | D44: =IF(#REF!<11,"NA",IF(#REF!<15,"ECA",IF(#REF!<18,"A",IF(#REF!<20,"A+")))) -> #REF! | F44: =IF(#REF!<11,"NA",IF(#REF!<15,"ECA",IF(#REF!<18,"A",IF(#REF!<20,"A+")))) -> #REF! | G44: Encouragements / Encouragements | K44: Observations and Signature of Principal
B45: Blâme / Blame | C45: Observations et Remarques du Professeur Principal | G45: Félicitations / Congratulations
B46: Avertissements / Warnings | G46: Décisions du Conseil de Classe | K46: Yaoundé le
B47: Observations et Remarques du parent de l’élève | K47: Le Principal

Sheet PABOUDEM
B4: MATIERES | C4: TRIM 1 | D4: SEQ 1 | E4: SEQ 2 | F4: Coef | G4: Moy × Coef | H4: Moy Gle Classe | J4: Rang | K4: Appréciations
B5: Anglais | C5: =(D5+E5)/2 -> 7.5 | D5: 8 | E5: 7 | F5: 3 | G5: =C5*F5 -> 22.5 | H5: =+AMAN!I6 -> 0 | K5: =IF(C5<11,"NA",IF(C5<15,"ECA",IF(C5<18,"A",IF(C5<20,"A+")))) -> NA | N5: =D5*F5 -> 24 | O5: =E5*F5 -> 21
B6: Cor Orthographique/ Dictée | C6: =(D6+E6)/2 -> 2.15 | D6: 1.5 | E6: 2.8 | F6: 1 | G6: =C6*F6 -> 2.15 | H6: =+AMAN!I7 -> 0 | K6: =IF(C6<11,"NA",IF(C6<15,"ECA",IF(C6<18,"A",IF(C6<20,"A+")))) -> NA | N6: =D6*F6 -> 1.5 | O6: =E6*F6 -> 2.8
B7: Etude de Texte | C7: =(D7+E7)/2 -> 11.15 | D7: 10.2 | E7: 12.1 | F7: 2 | G7: =C7*F7 -> 22.3 | H7: =+AMAN!I9 -> 0 | K7: =IF(C7<11,"NA",IF(C7<15,"ECA",IF(C7<18,"A",IF(C7<20,"A+")))) -> ECA | N7: =D7*F7 -> 20.4 | O7: =E7*F7 -> 24.2
B8: Expression Ecrite | C8: =(D8+E8)/2 -> 10.585 | D8: 9.47 | E8: 11.7 | F8: 1 | G8: =C8*F8 -> 10.585 | H8: =+AMAN!I10 -> 0 | K8: =IF(C8<11,"NA",IF(C8<15,"ECA",IF(C8<18,"A",IF(C8<20,"A+")))) -> NA | N8: =D8*F8 -> 9.47 | O8: =E8*F8 -> 11.7
B9: Langue Vivante II | C9: =(D9+E9)/2 -> 5.55 | D9: 6.2 | E9: 4.9 | F9: 2 | G9: =C9*F9 -> 11.1 | H9: =+AMAN!#REF! -> #REF! | K9: =IF(C9<11,"NA",IF(C9<15,"ECA",IF(C9<18,"A",IF(C9<20,"A+")))) -> NA | N9: =D9*F9 -> 12.4 | O9: =E9*F9 -> 9.8
B10: Total du GROUPE I :
B11: Moyenne du Groupe : | C11: =(SUM(G5:G9)/SUM(F5:F9)) -> 7.6261111 | F11: Rang de l’élève :
B13: ECM | C13: =(D13+E13)/2 -> 9.6 | D13: 8.5 | E13: 10.7 | F13: 1 | G13: =C13*F13 -> 9.6 | H13: =+AMAN!I14 -> 0 | K13: =IF(C13<11,"NA",IF(C13<15,"ECA",IF(C13<18,"A",IF(C13<20,"A+")))) -> NA | N13: =D13*F13 -> 8.5 | O13: =E13*F13 -> 10.7
B14: Géographie | C14: =(D14+E14)/2 -> 6.875 | D14: 4.75 | E14: 9 | F14: 1.5 | G14: =C14*F14 -> 10.3125 | H14: =+AMAN!I15 -> 0 | K14: =IF(C14<11,"NA",IF(C14<15,"ECA",IF(C14<18,"A",IF(C14<20,"A+")))) -> NA | N14: =D14*F14 -> 7.125 | O14: =E14*F14 -> 13.5
B15: Histoire | C15: =(D15+E15)/2 -> 7.4 | D15: 8.3 | E15: 6.5 | F15: 1.5 | G15: =C15*F15 -> 11.1 | H15: =+AMAN!I16 -> 0 | K15: =IF(C15<11,"NA",IF(C15<15,"ECA",IF(C15<18,"A",IF(C15<20,"A+")))) -> NA | N15: =D15*F15 -> 12.45 | O15: =E15*F15 -> 9.75
B16: LCN | C16: =(D16+E16)/2 -> 10.5 | D16: 6.5 | E16: 14.5 | F16: 1 | G16: =C16*F16 -> 10.5 | H16: =+AMAN!I17 -> 0 | K16: =IF(C16<11,"NA",IF(C16<15,"ECA",IF(C16<18,"A",IF(C16<20,"A+")))) -> NA | N16: =D16*F16 -> 6.5 | O16: =E16*F16 -> 14.5
B17: Total du GROUPE II :
B18: Moyenne du Groupe : | C18: =(SUM(G13:G16)/SUM(F13:F16)) -> 8.3025 | F18: Rang de l’élève :
B20: Informatique | C20: =(D20+E20)/2 -> 6.45 | D20: 4.75 | E20: 8.15 | F20: 2 | G20: =C20*F20 -> 12.9 | H20: =+AMAN!I21 -> 0 | K20: =IF(C20<11,"NA",IF(C20<15,"ECA",IF(C20<18,"A",IF(C20<20,"A+")))) -> NA | N20: =D20*F20 -> 9.5 | O20: =E20*F20 -> 16.3
B21: Mathématiques | C21: =(D21+E21)/2 -> 2.74 | D21: 1.75 | E21: 3.73 | F21: 4 | G21: =C21*F21 -> 10.96 | H21: =+AMAN!I22 -> 0 | K21: =IF(C21<11,"NA",IF(C21<15,"ECA",IF(C21<18,"A",IF(C21<20,"A+")))) -> NA | N21: =D21*F21 -> 7 | O21: =E21*F21 -> 14.92
B22: PCT | C22: =(D22+E22)/2 -> 6.475 | D22: 4 | E22: 8.95 | F22: 2 | G22: =C22*F22 -> 12.95 | H22: =+AMAN!I23 -> 0 | K22: =IF(C22<11,"NA",IF(C22<15,"ECA",IF(C22<18,"A",IF(C22<20,"A+")))) -> NA | N22: =D22*F22 -> 8 | O22: =E22*F22 -> 17.9
B23: SVTEEHB | C23: =(D23+E23)/2 -> 9.1 | D23: 8.2 | E23: 10 | F23: 2 | G23: =C23*F23 -> 18.2 | H23: =+AMAN!I24 -> 0 | K23: =IF(C23<11,"NA",IF(C23<15,"ECA",IF(C23<18,"A",IF(C23<20,"A+")))) -> NA | N23: =D23*F23 -> 16.4 | O23: =E23*F23 -> 20
B24: Total du GROUPE III :
B25: Moyenne du Groupe : | C25: =(SUM(G20:G23)/SUM(F20:F23)) -> 5.501 | F25: Rang de l’élève :
B27: EAC | C27: =(D27+E27)/2 -> 13.5 | D27: 13 | E27: 14 | F27: 1 | G27: =C27*F27 -> 13.5 | H27: =+AMAN!I28 -> 0 | K27: =IF(C27<11,"NA",IF(C27<15,"ECA",IF(C27<18,"A",IF(C27<20,"A+")))) -> ECA | N27: =D27*F27 -> 13 | O27: =E27*F27 -> 14
B28: EPS | C28: =(D28+E28)/2 -> 12.5 | D28: 10 | E28: 15 | F28: 2 | G28: =C28*F28 -> 25 | H28: =+AMAN!I29 -> 0 | K28: =IF(C28<11,"NA",IF(C28<15,"ECA",IF(C28<18,"A",IF(C28<20,"A+")))) -> ECA | N28: =D28*F28 -> 20 | O28: =E28*F28 -> 30
B29: ESF | C29: =(D29+E29)/2 -> 11.5 | D29: 13 | E29: 10 | F29: 1 | G29: =C29*F29 -> 11.5 | H29: =+AMAN!I30 -> 0 | K29: =IF(C29<11,"NA",IF(C29<15,"ECA",IF(C29<18,"A",IF(C29<20,"A+")))) -> ECA | N29: =D29*F29 -> 13 | O29: =E29*F29 -> 10
B30: Travail Manuel | C30: =(D30+E30)/2 -> 17.5 | D30: 19 | E30: 16 | F30: 1 | G30: =C30*F30 -> 17.5 | H30: =+AMAN!I31 -> 0 | K30: =IF(C30<11,"NA",IF(C30<15,"ECA",IF(C30<18,"A",IF(C30<20,"A+")))) -> A | N30: =D30*F30 -> 19 | O30: =E30*F30 -> 16
B31: Total du GROUPE IV : | N31: =SUM(N5:N30) -> 208.245 | O31: =SUM(O5:O30) -> 257.07
B32: Moyenne du Groupe : | C32: =(SUM(G27:G30)/SUM(F27:F30)) -> 13.5 | F32: Rang de l’élève : | N32: 29 | O32: 29
N33: =N31/N32 -> 7.1808621 | O33: =O31/O32 -> 8.8644828
B34: Total Général (GI + GII + GIII+GIV) = | C34: Moy Gle de la Classe : | D34: 8.59 | E34: Moy du 1er : | F34: 10.41 | H34: Moy du Dernier : | I34: 7.21
C35: SEQ 1 | D35: SEQ 2
B36: Moyennes de l’Elève : | C36: =N33 -> 7.1808621 | D36: =O33 -> 8.8644828 | E36: Trimestre 1 : | F36: =(G5+G6+G7+G8+G9+G13+G14+G15+G20+G16+G21+G22+G23+G27+G28+G29+G30)/29 -> 8.0226724 | G36: /20 | H36: Rang de l’élève : | K36: /20
B38: v La moyenne Trimestrielle n’est pas égale à la moyenne arithmétique des séquences
B39: DECISIONS ET OBSERVATIONS / Décisions And Observations
B40: DISCIPLINE / Disciplin | C40: Appréciation du travail de l’élève | F40: TRAVAIL / Academic Work
B41: Nb d’Heures : | C41: =IF(F36<11,"NA",IF(F36<15,"ECA",IF(F36<18,"A",IF(F36<20,"A+")))) -> NA | D41: =IF(#REF!<11,"NA",IF(#REF!<15,"ECA",IF(#REF!<18,"A",IF(#REF!<20,"A+")))) -> #REF! | E41: =IF(#REF!<11,"NA",IF(#REF!<15,"ECA",IF(#REF!<18,"A",IF(#REF!<20,"A+")))) -> #REF!
B42: Nb de jrnées : | C42: =IF(#REF!<11,"NA",IF(#REF!<15,"ECA",IF(#REF!<18,"A",IF(#REF!<20,"A+")))) -> #REF! | D42: =IF(#REF!<11,"NA",IF(#REF!<15,"ECA",IF(#REF!<18,"A",IF(#REF!<20,"A+")))) -> #REF! | E42: =IF(#REF!<11,"NA",IF(#REF!<15,"ECA",IF(#REF!<18,"A",IF(#REF!<20,"A+")))) -> #REF! | F42: Tableau d’honneur / Honour roll | J42: Observations et Visa du Principal
B43: Exclusions / Suspensions | C43: =IF(#REF!<11,"NA",IF(#REF!<15,"ECA",IF(#REF!<18,"A",IF(#REF!<20,"A+")))) -> #REF! | D43: =IF(#REF!<11,"NA",IF(#REF!<15,"ECA",IF(#REF!<18,"A",IF(#REF!<20,"A+")))) -> #REF! | E43: =IF(#REF!<11,"NA",IF(#REF!<15,"ECA",IF(#REF!<18,"A",IF(#REF!<20,"A+")))) -> #REF! | F43: Encouragements / Encouragements | J43: Observations and Signature of Principal
B44: Blâme / Blame | C44: Observations et Remarques du Professeur Principal | F44: Félicitations / Congratulations
B45: Avertissements / Warnings | F45: Décisions du Conseil de Classe | J45: Yaoundé le
B46: Observations et Remarques du parent de l’élève | J46: Le Principal

Sheet TCHAGNAM
B4: MATIERES | C4: Annuel | D4: TRIM 1 | E4: TRIM 2 | F4: TRIM 3 | G4: Coef | H4: Moy × Coef | I4: Moy Gle Classe | K4: Rang | L4: Appréciations
B5: Allemand | C5: =F5 -> 11 | F5: 11 | G5: 2 | H5: =C5*G5 -> 22 | L5: =IF(C5<11,"NA",IF(C5<15,"ECA",IF(C5<18,"A",IF(C5<20,"A+")))) -> ECA | O5: =D5*G5 -> 0 | P5: =E5*G5 -> 0 | Q5: =G5*F5 -> 22
B6: Anglais | C6: =(D6+F6+E6)/3 -> 8.025 | D6: 8.3 | E6: 8.775 | F6: 7 | G6: 3 | H6: =C6*G6 -> 24.075 | L6: =IF(C6<11,"NA",IF(C6<15,"ECA",IF(C6<18,"A",IF(C6<20,"A+")))) -> NA | O6: =D6*G6 -> 24.9 | P6: =E6*G6 -> 26.325 | Q6: =G6*F6 -> 21
B7: Cor Orthographique/ Dictée | C7: =(D7+F7+E7)/3 -> 8.65 | D7: 9.6 | E7: 7.35 | F7: 9 | G7: 1 | H7: =C7*G7 -> 8.65 | L7: =IF(C7<11,"NA",IF(C7<15,"ECA",IF(C7<18,"A",IF(C7<20,"A+")))) -> NA | O7: =D7*G7 -> 9.6 | P7: =E7*G7 -> 7.35 | Q7: =G7*F7 -> 9
B8: Espagnol | C8: =F8 -> 16.5 | F8: 16.5 | G8: 2 | H8: =C8*G8 -> 33 | L8: =IF(C8<11,"NA",IF(C8<15,"ECA",IF(C8<18,"A",IF(C8<20,"A+")))) -> A | O8: =D8*G8 -> 0 | P8: =E8*G8 -> 0 | Q8: =G8*F8 -> 33
B9: Etude de Texte | C9: =(D9+F9+E9)/3 -> 8.7833333 | D9: 8.05 | E9: 8.3 | F9: 10 | G9: 2 | H9: =C9*G9 -> 17.566667 | L9: =IF(C9<11,"NA",IF(C9<15,"ECA",IF(C9<18,"A",IF(C9<20,"A+")))) -> NA | O9: =D9*G9 -> 16.1 | P9: =E9*G9 -> 16.6 | Q9: =G9*F9 -> 20
B10: Expression Ecrite | C10: =(D10+F10+E10)/3 -> 10.433333 | D10: 11.9 | E10: 9.4 | F10: 10 | G10: 1 | H10: =C10*G10 -> 10.433333 | L10: =IF(C10<11,"NA",IF(C10<15,"ECA",IF(C10<18,"A",IF(C10<20,"A+")))) -> NA | O10: =D10*G10 -> 11.9 | P10: =E10*G10 -> 9.4 | Q10: =G10*F10 -> 10
B11: Total du GROUPE I :
B12: Moyenne du Groupe : | C12: =(SUM(H5:H10)/SUM(G5:G10)) -> 10.520455 | G12: Rang de l’élève :
B14: ECM | C14: =(D14+F14+E14)/3 -> 14.65 | D14: 15.55 | E14: 13.4 | F14: 15 | G14: 2 | H14: =C14*G14 -> 29.3 | L14: =IF(C14<11,"NA",IF(C14<15,"ECA",IF(C14<18,"A",IF(C14<20,"A+")))) -> ECA | O14: =D14*G14 -> 31.1 | P14: =E14*G14 -> 26.8 | Q14: =G14*F14 -> 30
B15: Géographie | C15: =(D15+F15+E15)/3 -> 13.166667 | D15: 11.75 | E15: 14.2 | F15: 13.55 | G15: 1.5 | H15: =C15*G15 -> 19.75 | L15: =IF(C15<11,"NA",IF(C15<15,"ECA",IF(C15<18,"A",IF(C15<20,"A+")))) -> ECA | O15: =D15*G15 -> 17.625 | P15: =E15*G15 -> 21.3 | Q15: =G15*F15 -> 20.325
B16: Histoire | C16: =(D16+F16+E16)/3 -> 11.066667 | D16: 9.9 | E16: 11.05 | F16: 12.25 | G16: 1.5 | H16: =C16*G16 -> 16.6 | L16: =IF(C16<11,"NA",IF(C16<15,"ECA",IF(C16<18,"A",IF(C16<20,"A+")))) -> ECA | O16: =D16*G16 -> 14.85 | P16: =E16*G16 -> 16.575 | Q16: =G16*F16 -> 18.375
B17: LCN | C17: =(D17+F17+E17)/3 -> 10.425 | D17: 9.275 | E17: 10.75 | F17: 11.25 | G17: 1 | H17: =C17*G17 -> 10.425 | L17: =IF(C17<11,"NA",IF(C17<15,"ECA",IF(C17<18,"A",IF(C17<20,"A+")))) -> NA | O17: =D17*G17 -> 9.275 | P17: =E17*G17 -> 10.75 | Q17: =G17*F17 -> 11.25
B18: Total du GROUPE II :
B19: Moyenne du Groupe : | C19: =(SUM(H14:H17)/SUM(G14:G17)) -> 12.679167 | G19: Rang de l’élève :
B21: Informatique | C21: =(D21+F21+E21)/3 -> 8.9916667 | D21: 9.325 | E21: 9.3 | F21: 8.35 | G21: 2 | H21: =C21*G21 -> 17.983333 | L21: =IF(C21<11,"NA",IF(C21<15,"ECA",IF(C21<18,"A",IF(C21<20,"A+")))) -> NA | O21: =D21*G21 -> 18.65 | P21: =E21*G21 -> 18.6 | Q21: =G21*F21 -> 16.7
B22: Mathématiques | C22: =(D22+F22+E22)/3 -> 9 | D22: 8.45 | E22: 8.35 | F22: 10.2 | G22: 4 | H22: =C22*G22 -> 36 | L22: =IF(C22<11,"NA",IF(C22<15,"ECA",IF(C22<18,"A",IF(C22<20,"A+")))) -> NA | O22: =D22*G22 -> 33.8 | P22: =E22*G22 -> 33.4 | Q22: =G22*F22 -> 40.8
B23: PCT | C23: =F23 -> 14 | F23: 14 | G23: 2 | H23: =C23*G23 -> 28 | L23: =IF(C23<11,"NA",IF(C23<15,"ECA",IF(C23<18,"A",IF(C23<20,"A+")))) -> ECA | O23: =D23*G23 -> 0 | P23: =E23*G23 -> 0 | Q23: =G23*F23 -> 28
B24: SVTEEHB | C24: =(D24+F24+E24)/3 -> 11 | D24: 10.45 | E24: 9.8 | F24: 12.75 | G24: 2 | H24: =C24*G24 -> 22 | L24: =IF(C24<11,"NA",IF(C24<15,"ECA",IF(C24<18,"A",IF(C24<20,"A+")))) -> ECA | O24: =D24*G24 -> 20.9 | P24: =E24*G24 -> 19.6 | Q24: =G24*F24 -> 25.5
B25: Total du GROUPE III :
B26: Moyenne du Groupe : | C26: =(SUM(H21:H24)/SUM(G21:G24)) -> 10.398333 | G26: Rang de l’élève :
B28: EAC | C28: =(D28+F28+E28)/3 -> 14 | D28: 13.5 | E28: 14.5 | F28: 14 | G28: 1 | H28: =C28*G28 -> 14 | L28: =IF(C28<11,"NA",IF(C28<15,"ECA",IF(C28<18,"A",IF(C28<20,"A+")))) -> ECA | O28: =D28*G28 -> 13.5 | P28: =E28*G28 -> 14.5 | Q28: =G28*F28 -> 14
B29: EPS | C29: =(D29+F29+E29)/3 -> 14.15 | D29: 12.8 | E29: 15.65 | F29: 14 | G29: 2 | H29: =C29*G29 -> 28.3 | L29: =IF(C29<11,"NA",IF(C29<15,"ECA",IF(C29<18,"A",IF(C29<20,"A+")))) -> ECA | O29: =D29*G29 -> 25.6 | P29: =E29*G29 -> 31.3 | Q29: =G29*F29 -> 28
B30: ESF | C30: =(D30+F30+E30)/3 -> 13 | D30: 12 | E30: 13 | F30: 14 | G30: 1 | H30: =C30*G30 -> 13 | L30: =IF(C30<11,"NA",IF(C30<15,"ECA",IF(C30<18,"A",IF(C30<20,"A+")))) -> ECA | O30: =D30*G30 -> 12 | P30: =E30*G30 -> 13 | Q30: =G30*F30 -> 14
B31: Travail Manuel | C31: =(D31+F31+E31)/3 -> 15.166667 | D31: 14 | E31: 16 | F31: 15.5 | G31: 1 | H31: =C31*G31 -> 15.166667 | L31: =IF(C31<11,"NA",IF(C31<15,"ECA",IF(C31<18,"A",IF(C31<20,"A+")))) -> A | O31: =D31*G31 -> 14 | P31: =E31*G31 -> 16 | Q31: =G31*F31 -> 15.5
B32: Total du GROUPE IV : | O32: =SUM(O6:O31) -> 273.8 | P32: =SUM(P6:P31) -> 281.5 | Q32: =SUM(Q5:Q31) -> 377.45
B33: Moyenne du Groupe : | C33: =(SUM(H28:H31)/SUM(G28:G31)) -> 14.093333 | G33: Rang de l’élève : | O33: 26 | P33: 26 | Q33: 32
O34: =O32/O33 -> 10.530769 | P34: =P32/P33 -> 10.826923 | Q34: =Q32/Q33 -> 11.795312
B35: Total Général (GI + GII + GIII+GIV) = | C35: Moy Gle de la Classe : | F35: Moy du 1er : | I35: Moy du Dernier :
C36: TRIM 1 | D36: TRIM 2 | E36: TRIM3
B37: Moyennes de l’Elève : | C37: =O34 -> 10.530769 | D37: =P34 -> 10.826923 | E37: =Q34 -> 11.795312 | F37: Annuel : | G37: =(H5+H6+H7+H8+H9+H10+H14+H15+H16+H17+H21+H22+H23+H24+H28+H29+H30+H31)/32 -> 11.445312 | H37: /20 | I37: Rang de l’élève : | L37: /20
B39: v La moyenne Annuelle n’est pas égale à la moyenne arithmétique des trimestres
B40: DECISIONS ET OBSERVATIONS / Décisions And Observations
B41: DISCIPLINE / Disciplin | C41: Appréciation du travail de l’élève | G41: TRAVAIL / Academic Work
B42: Nb d’Heures : | C42: =IF(G37<11,"NA",IF(G37<15,"ECA",IF(G37<18,"A",IF(G37<20,"A+")))) -> ECA | D42: =IF(#REF!<11,"NA",IF(#REF!<15,"ECA",IF(#REF!<18,"A",IF(#REF!<20,"A+")))) -> #REF! | F42: =IF(#REF!<11,"NA",IF(#REF!<15,"ECA",IF(#REF!<18,"A",IF(#REF!<20,"A+")))) -> #REF!
B43: Nb de jrnées : | C43: =IF(#REF!<11,"NA",IF(#REF!<15,"ECA",IF(#REF!<18,"A",IF(#REF!<20,"A+")))) -> #REF! | D43: =IF(#REF!<11,"NA",IF(#REF!<15,"ECA",IF(#REF!<18,"A",IF(#REF!<20,"A+")))) -> #REF! | F43: =IF(#REF!<11,"NA",IF(#REF!<15,"ECA",IF(#REF!<18,"A",IF(#REF!<20,"A+")))) -> #REF! | G43: Tableau d’honneur / Honour roll | K43: Observations et Visa du Principal
B44: Exclusions / Suspensions | C44: =IF(#REF!<11,"NA",IF(#REF!<15,"ECA",IF(#REF!<18,"A",IF(#REF!<20,"A+")))) -> #REF! | D44: =IF(#REF!<11,"NA",IF(#REF!<15,"ECA",IF(#REF!<18,"A",IF(#REF!<20,"A+")))) -> #REF! | F44: =IF(#REF!<11,"NA",IF(#REF!<15,"ECA",IF(#REF!<18,"A",IF(#REF!<20,"A+")))) -> #REF! | G44: Encouragements / Encouragements | K44: Observations and Signature of Principal
B45: Blâme / Blame | C45: Observations et Remarques du Professeur Principal | G45: Félicitations / Congratulations
B46: Avertissements / Warnings | G46: Décisions du Conseil de Classe | K46: Yaoundé le
B47: Observations et Remarques du parent de l’élève | K47: Le Principal

Sheet YEBEL
B4: MATIERES | C4: Annuel | D4: TRIM 1 | E4: TRIM 2 | F4: TRIM 3 | G4: Coef | H4: Moy × Coef | I4: Moy Gle Classe | K4: Rang | L4: Appréciations
B5: Allemand | C5: =F5 -> 12.5 | F5: 12.5 | G5: 2 | H5: =C5*G5 -> 25 | L5: =IF(C5<11,"NA",IF(C5<15,"ECA",IF(C5<18,"A",IF(C5<20,"A+")))) -> ECA | O5: =D5*G5 -> 0 | P5: =E5*G5 -> 0 | Q5: =G5*F5 -> 25
B6: Anglais | C6: =(D6+F6+E6)/3 -> 9.7333333 | D6: 10.15 | E6: 9.05 | F6: 10 | G6: 3 | H6: =C6*G6 -> 29.2 | L6: =IF(C6<11,"NA",IF(C6<15,"ECA",IF(C6<18,"A",IF(C6<20,"A+")))) -> NA | O6: =D6*G6 -> 30.45 | P6: =E6*G6 -> 27.15 | Q6: =G6*F6 -> 30
B7: Cor Orthographique/ Dictée | C7: =(D7+F7+E7)/3 -> 14.2 | D7: 16.2 | E7: 12.4 | F7: 14 | G7: 1 | H7: =C7*G7 -> 14.2 | L7: =IF(C7<11,"NA",IF(C7<15,"ECA",IF(C7<18,"A",IF(C7<20,"A+")))) -> ECA | O7: =D7*G7 -> 16.2 | P7: =E7*G7 -> 12.4 | Q7: =G7*F7 -> 14
B8: Espagnol | C8: =F8 -> 15.75 | F8: 15.75 | G8: 2 | H8: =C8*G8 -> 31.5 | L8: =IF(C8<11,"NA",IF(C8<15,"ECA",IF(C8<18,"A",IF(C8<20,"A+")))) -> A | O8: =D8*G8 -> 0 | P8: =E8*G8 -> 0 | Q8: =G8*F8 -> 31.5
B9: Etude de Texte | C9: =(D9+F9+E9)/3 -> 11.576667 | D9: 12.5 | E9: 11.28 | F9: 10.95 | G9: 2 | H9: =C9*G9 -> 23.153333 | L9: =IF(C9<11,"NA",IF(C9<15,"ECA",IF(C9<18,"A",IF(C9<20,"A+")))) -> ECA | O9: =D9*G9 -> 25 | P9: =E9*G9 -> 22.56 | Q9: =G9*F9 -> 21.9
B10: Expression Ecrite | C10: =(D10+F10+E10)/3 -> 10.1 | D10: 10.6 | E10: 11.3 | F10: 8.4 | G10: 1 | H10: =C10*G10 -> 10.1 | L10: =IF(C10<11,"NA",IF(C10<15,"ECA",IF(C10<18,"A",IF(C10<20,"A+")))) -> NA | O10: =D10*G10 -> 10.6 | P10: =E10*G10 -> 11.3 | Q10: =G10*F10 -> 8.4
B11: Total du GROUPE I :
B12: Moyenne du Groupe : | C12: =(SUM(H5:H10)/SUM(G5:G10)) -> 12.104848 | G12: Rang de l’élève :
B14: ECM | C14: =(D14+F14+E14)/3 -> 16.216667 | D14: 16.75 | E14: 15.9 | F14: 16 | G14: 2 | H14: =C14*G14 -> 32.433333 | L14: =IF(C14<11,"NA",IF(C14<15,"ECA",IF(C14<18,"A",IF(C14<20,"A+")))) -> A | O14: =D14*G14 -> 33.5 | P14: =E14*G14 -> 31.8 | Q14: =G14*F14 -> 32
B15: Géographie | C15: =(D15+F15+E15)/3 -> 14.125 | D15: 13.875 | E15: 16.25 | F15: 12.25 | G15: 1.5 | H15: =C15*G15 -> 21.1875 | L15: =IF(C15<11,"NA",IF(C15<15,"ECA",IF(C15<18,"A",IF(C15<20,"A+")))) -> ECA | O15: =D15*G15 -> 20.8125 | P15: =E15*G15 -> 24.375 | Q15: =G15*F15 -> 18.375
B16: Histoire | C16: =(D16+F16+E16)/3 -> 13.05 | D16: 12.9 | E16: 14.75 | F16: 11.5 | G16: 1.5 | H16: =C16*G16 -> 19.575 | L16: =IF(C16<11,"NA",IF(C16<15,"ECA",IF(C16<18,"A",IF(C16<20,"A+")))) -> ECA | O16: =D16*G16 -> 19.35 | P16: =E16*G16 -> 22.125 | Q16: =G16*F16 -> 17.25
B17: LCN | C17: =(D17+F17+E17)/3 -> 12.458333 | D17: 13.125 | E17: 12.5 | F17: 11.75 | G17: 1 | H17: =C17*G17 -> 12.458333 | L17: =IF(C17<11,"NA",IF(C17<15,"ECA",IF(C17<18,"A",IF(C17<20,"A+")))) -> ECA | O17: =D17*G17 -> 13.125 | P17: =E17*G17 -> 12.5 | Q17: =G17*F17 -> 11.75
B18: Total du GROUPE II :
B19: Moyenne du Groupe : | C19: =(SUM(H14:H17)/SUM(G14:G17)) -> 14.275694 | G19: Rang de l’élève :
B21: Informatique | C21: =(D21+F21+E21)/3 -> 11.75 | D21: 11.9 | E21: 13.65 | F21: 9.7 | G21: 2 | H21: =C21*G21 -> 23.5 | L21: =IF(C21<11,"NA",IF(C21<15,"ECA",IF(C21<18,"A",IF(C21<20,"A+")))) -> ECA | O21: =D21*G21 -> 23.8 | P21: =E21*G21 -> 27.3 | Q21: =G21*F21 -> 19.4
B22: Mathématiques | C22: =(D22+F22+E22)/3 -> 9.505 | D22: 7.35 | E22: 10.165 | F22: 11 | G22: 4 | H22: =C22*G22 -> 38.02 | L22: =IF(C22<11,"NA",IF(C22<15,"ECA",IF(C22<18,"A",IF(C22<20,"A+")))) -> NA | O22: =D22*G22 -> 29.4 | P22: =E22*G22 -> 40.66 | Q22: =G22*F22 -> 44
B23: PCT | C23: =F23 -> 18 | F23: 18 | G23: 2 | H23: =C23*G23 -> 36 | L23: =IF(C23<11,"NA",IF(C23<15,"ECA",IF(C23<18,"A",IF(C23<20,"A+")))) -> A+ | O23: =D23*G23 -> 0 | P23: =E23*G23 -> 0 | Q23: =G23*F23 -> 36
B24: SVTEEHB | C24: =(D24+F24+E24)/3 -> 14.143333 | D24: 13.73 | E24: 11.95 | F24: 16.75 | G24: 2 | H24: =C24*G24 -> 28.286667 | L24: =IF(C24<11,"NA",IF(C24<15,"ECA",IF(C24<18,"A",IF(C24<20,"A+")))) -> ECA | O24: =D24*G24 -> 27.46 | P24: =E24*G24 -> 23.9 | Q24: =G24*F24 -> 33.5
B25: Total du GROUPE III :
B26: Moyenne du Groupe : | C26: =(SUM(H21:H24)/SUM(G21:G24)) -> 12.580667 | G26: Rang de l’élève :
B28: EAC | C28: =(D28+F28+E28)/3 -> 16 | D28: 14 | E28: 17 | F28: 17 | G28: 1 | H28: =C28*G28 -> 16 | L28: =IF(C28<11,"NA",IF(C28<15,"ECA",IF(C28<18,"A",IF(C28<20,"A+")))) -> A | O28: =D28*G28 -> 14 | P28: =E28*G28 -> 17 | Q28: =G28*F28 -> 17
B29: EPS | C29: =(D29+F29+E29)/3 -> 15.85 | D29: 16 | E29: 16.25 | F29: 15.3 | G29: 2 | H29: =C29*G29 -> 31.7 | L29: =IF(C29<11,"NA",IF(C29<15,"ECA",IF(C29<18,"A",IF(C29<20,"A+")))) -> A | O29: =D29*G29 -> 32 | P29: =E29*G29 -> 32.5 | Q29: =G29*F29 -> 30.6
B30: ESF | C30: =(D30+F30+E30)/3 -> 13.7 | D30: 13 | E30: 14.1 | F30: 14 | G30: 1 | H30: =C30*G30 -> 13.7 | L30: =IF(C30<11,"NA",IF(C30<15,"ECA",IF(C30<18,"A",IF(C30<20,"A+")))) -> ECA | O30: =D30*G30 -> 13 | P30: =E30*G30 -> 14.1 | Q30: =G30*F30 -> 14
B31: Travail Manuel | C31: =(D31+F31+E31)/3 -> 16 | D31: 16.5 | E31: 16 | F31: 15.5 | G31: 1 | H31: =C31*G31 -> 16 | L31: =IF(C31<11,"NA",IF(C31<15,"ECA",IF(C31<18,"A",IF(C31<20,"A+")))) -> A | O31: =D31*G31 -> 16.5 | P31: =E31*G31 -> 16 | Q31: =G31*F31 -> 15.5
B32: Total du GROUPE IV : | O32: =SUM(O6:O31) -> 325.1975 | P32: =SUM(P6:P31) -> 335.67 | Q32: =SUM(Q5:Q31) -> 420.175
B33: Moyenne du Groupe : | C33: =(SUM(H28:H31)/SUM(G28:G31)) -> 15.48 | G33: Rang de l’élève : | O33: 26 | P33: 26 | Q33: 32
O34: =O32/O33 -> 12.507596 | P34: =P32/P33 -> 12.910385 | Q34: =Q32/Q33 -> 13.130469
B35: Total Général (GI + GII + GIII+GIV) = | C35: Moy Gle de la Classe : | F35: Moy du 1er : | I35: Moy du Dernier :
C36: TRIM 1 | D36: TRIM 2 | E36: TRIM3
B37: Moyennes de l’Elève : | C37: =O34 -> 12.507596 | D37: =P34 -> 12.910385 | E37: =Q34 -> 13.130469 | F37: Annuel : | G37: =(H5+H6+H7+H8+H9+H10+H14+H15+H16+H17+H21+H22+H23+H24+H28+H29+H30+H31)/32 -> 13.187943 | H37: /20 | I37: Rang de l’élève : | L37: /20
B39: v La moyenne Annuelle n’est pas égale à la moyenne arithmétique des trimestres
B40: DECISIONS ET OBSERVATIONS / Décisions And Observations
B41: DISCIPLINE / Disciplin | C41: Appréciation du travail de l’élève | G41: TRAVAIL / Academic Work
B42: Nb d’Heures : | C42: =IF(G37<11,"NA",IF(G37<15,"ECA",IF(G37<18,"A",IF(G37<20,"A+")))) -> ECA | D42: =IF(#REF!<11,"NA",IF(#REF!<15,"ECA",IF(#REF!<18,"A",IF(#REF!<20,"A+")))) -> #REF! | F42: =IF(#REF!<11,"NA",IF(#REF!<15,"ECA",IF(#REF!<18,"A",IF(#REF!<20,"A+")))) -> #REF!
B43: Nb de jrnées : | C43: =IF(#REF!<11,"NA",IF(#REF!<15,"ECA",IF(#REF!<18,"A",IF(#REF!<20,"A+")))) -> #REF! | D43: =IF(#REF!<11,"NA",IF(#REF!<15,"ECA",IF(#REF!<18,"A",IF(#REF!<20,"A+")))) -> #REF! | F43: =IF(#REF!<11,"NA",IF(#REF!<15,"ECA",IF(#REF!<18,"A",IF(#REF!<20,"A+")))) -> #REF! | G43: Tableau d’honneur / Honour roll | K43: Observations et Visa du Principal
B44: Exclusions / Suspensions | C44: =IF(#REF!<11,"NA",IF(#REF!<15,"ECA",IF(#REF!<18,"A",IF(#REF!<20,"A+")))) -> #REF! | D44: =IF(#REF!<11,"NA",IF(#REF!<15,"ECA",IF(#REF!<18,"A",IF(#REF!<20,"A+")))) -> #REF! | F44: =IF(#REF!<11,"NA",IF(#REF!<15,"ECA",IF(#REF!<18,"A",IF(#REF!<20,"A+")))) -> #REF! | G44: Encouragements / Encouragements | K44: Observations and Signature of Principal
B45: Blâme / Blame | C45: Observations et Remarques du Professeur Principal | G45: Félicitations / Congratulations
B46: Avertissements / Warnings | G46: Décisions du Conseil de Classe | K46: Yaoundé le
B47: Observations et Remarques du parent de l’élève | K47: Le Principal

Sheet Feuil1
B6: 1 | C6: KINGUE SAME Marthe florine | D6: =KINGUE!G37 -> 15.045885
B7: 2 | C7: ONANA Ferdinand Michel | D7: =ONANA!G37 -> 14.442396
B8: 3 | C8: ELOGO Cyrille | D8: =ELOGO!G37 -> 13.625781
B9: 4 | C9: MOUKO Paul Junior | D9: =MOUKO!G37 -> 13.539974
B10: 5 | C10: YEBEL Eleanore | D10: =YEBEL!G37 -> 13.187943
B11: 6 | C11: NGO NGUE AGOUME | D11: ='NGO NGUE'!G37 -> 13.24
B12: 7 | C12: MAGATSING FAULTOUE Maeva Sandra | D12: =MAGATSING!G37 -> 12.324271
B13: 8 | C13: KOUAM Stephane | D13: =KOUAM!G37 -> 12.246667
B14: 9 | C14: NWAHA Antoinette Florinda | D14: =NWAHA!G37 -> 11.636172
B15: 10 | C15: MENYE Laurent | D15: =MENYE!G37 -> 11.538672
B16: 11 | C16: TCHAGNAM Marie Josee | D16: =TCHAGNAM!G37 -> 11.445312
B17: 12 | C17: METOUWE MAMBOU Ange Miranda | D17: =METOUWE!G37 -> 10.349453
B18: 13 | C18: NGO KONDE Mariane | D18: ='NGO KONDE'!G37 -> 10.320208
B19: 14 | C19: AMAN Lucien Ludovic | D19: =AMAN!G37 -> 10.104505
B20: 15 | C20: NOUBISSI Lucienne | D20: =NOUBISSI!G37 -> 9.8742448
B21: 16 | C21: DJIKIA BEP Lorenzo | D21: =DJIKIA!G37 -> 8.1181771
